Client Application Number,CV Uploaded,Offer Letter,Go-Global Service Agreement,Employment Contract,Debtform/Schedule,Client Service booking,Biometrics Booking,Medical Booked,Psychologist Booking,Elites Test Booking,Hiring Company Meeting,Final Status,Unnamed: 13,Unnamed: 14
HBZ540,Yes,Accepted,Signed,Awaiting Signed Contract,Pending,Not Booked,Incomplete,Incomplete,Incomplete,Incomplete,Incomplete,In Progress,,
HBZ551,Yes,Pending,Pending,Pending,Pending,Not Booked,Incomplete,Incomplete,Incomplete,Incomplete,Incomplete,In Progress,,
HBZ552,Yes,Pending,Pending,Pending,Pending,Not Booked,Incomplete,Incomplete,Incomplete,Incomplete,Incomplete,In Progress,,
HBZ553,Yes,Pending,Pending,Pending,Pending,Not Booked,Incomplete,Incomplete,Incomplete,Incomplete,Incomplete,In Progress,,
HBZ554,Yes,Pending,Pending,Pending,Pending,Not Booked,Incomplete,Incomplete,Incomplete,Incomplete,Incomplete,In Progress,,
HBZ555,Yes,Pending,Pending,Pending,Pending,Not Booked,Incomplete,Incomplete,Incomplete,Incomplete,Incomplete,In Progress,,
HBZ556,Yes,Pending,Pending,Pending,Pending,Not Booked,Incomplete,Incomplete,Incomplete,Incomplete,Incomplete,In Progress,,
HBZ557,Yes,Pending,Pending,Pending,Pending,Not Booked,Incomplete,Incomplete,Incomplete,Incomplete,Incomplete,In Progress,,
HBZ698,Yes,Pending,Pending,Pending,Pending,Not Booked,Incomplete,Incomplete,Incomplete,Incomplete,Incomplete,In Progress,,
HBZ699,Yes,Pending,Pending,Pending,Pending,Not Booked,Incomplete,Incomplete,Incomplete,Incomplete,Incomplete,In Progress,,
HBZ700,Yes,Pending,Pending,Pending,Pending,Not Booked,Incomplete,Incomplete,Incomplete,Incomplete,Incomplete,In Progress,,
HBZ701,Yes,Pending,Pending,Pending,Pending,Not Booked,Incomplete,Incomplete,Incomplete,Incomplete,Incomplete,In Progress,,
HBZ702,Yes,Pending,Pending,Pending,Pending,Not Booked,Incomplete,Incomplete,Incomplete,Incomplete,Incomplete,In Progress,,
HBZ703,Yes,Pending,Pending,Pending,Pending,Not Booked,Incomplete,Incomplete,Incomplete,Incomplete,Incomplete,In Progress,,
HBZ704,Yes,Pending,Pending,Pending,Pending,Not Booked,Incomplete,Incomplete,Incomplete,Incomplete,Incomplete,In Progress,,
ZAP895,Yes,Accepted,Signed,Signed,Submitted,Not Booked,Incomplete,Incomplete,Incomplete,Incomplete,Incomplete,In Progress,,
ZAP896,Yes,Accepted,Signed,Signed,Submitted,Not Booked,Incomplete,Incomplete,Incomplete,Incomplete,Incomplete,In Progress,,
ZAP897,Yes,Pending,Pending,Pending,Pending,Not Booked,Incomplete,Incomplete,Incomplete,Incomplete,Incomplete,In Progress,,
ZAP898,Yes,Pending,Pending,Pending,Pending,Not Booked,Incomplete,Incomplete,Incomplete,Incomplete,Incomplete,In Progress,,
ZAP899,Yes,Pending,Pending,Pending,Pending,Not Booked,Incomplete,Incomplete,Incomplete,Incomplete,Incomplete,In Progress,,
ZAP900,Yes,Pending,Pending,Pending,Pending,Not Booked,Incomplete,Incomplete,Incomplete,Incomplete,Incomplete,In Progress,,
ZAP901,Yes,Pending,Pending,Pending,Pending,Not Booked,Incomplete,Incomplete,Incomplete,Incomplete,Incomplete,In Progress,,
ZAP902,Yes,Pending,Pending,Pending,Pending,Not Booked,Incomplete,Incomplete,Incomplete,Incomplete,Incomplete,In Progress,,
AFZ1000,Pending,Pending,Pending,Pending,Pending,Not Booked,Incomplete,Incomplete,Incomplete,Incomplete,Incomplete,In Progress,,
AFZ1001,Pending,Pending,Pending,Pending,Pending,Not Booked,Incomplete,Incomplete,Incomplete,Incomplete,Incomplete,In Progress,,
AFZ1002,Pending,Pending,Pending,Pending,Pending,Not Booked,Incomplete,Incomplete,Incomplete,Incomplete,Incomplete,In Progress,,
AFZ1003,Pending,Pending,Pending,Pending,Pending,Not Booked,Incomplete,Incomplete,Incomplete,Incomplete,Incomplete,In Progress,,
AFZ1004,Pending,Pending,Pending,Pending,Pending,Not Booked,Incomplete,Incomplete,Incomplete,Incomplete,Incomplete,In Progress,,
AFZ1005,Pending,Pending,Pending,Pending,Pending,Not Booked,Incomplete,Incomplete,Incomplete,Incomplete,Incomplete,In Progress,,
AFZ1006,Pending,Pending,Pending,Pending,Pending,Not Booked,Incomplete,Incomplete,Incomplete,Incomplete,Incomplete,In Progress,,
AFZ1007,Pending,Pending,Pending,Pending,Pending,Not Booked,Incomplete,Incomplete,Incomplete,Incomplete,Incomplete,In Progress,,
AFZ1008,Pending,Pending,Pending,Pending,Pending,Not Booked,Incomplete,Incomplete,Incomplete,Incomplete,Incomplete,In Progress,,
AFZ1009,Pending,Pending,Pending,Pending,Pending,Not Booked,Incomplete,Incomplete,Incomplete,Incomplete,Incomplete,In Progress,,
AFZ1010,Pending,Pending,Pending,Pending,Pending,Not Booked,Incomplete,Incomplete,Incomplete,Incomplete,Incomplete,In Progress,,
AFZ1011,Pending,Pending,Pending,Pending,Pending,Not Booked,Incomplete,Incomplete,Incomplete,Incomplete,Incomplete,In Progress,,
AFZ1012,Pending,Pending,Pending,Pending,Pending,Not Booked,Incomplete,Incomplete,Incomplete,Incomplete,Incomplete,In Progress,,
AFZ1013,Pending,Pending,Pending,Pending,Pending,Not Booked,Incomplete,Incomplete,Incomplete,Incomplete,Incomplete,In Progress,,
AFZ1014,Pending,Pending,Pending,Pending,Pending,Not Booked,Incomplete,Incomplete,Incomplete,Incomplete,Incomplete,In Progress,,
AFZ1015,Pending,Pending,Pending,Pending,Pending,Not Booked,Incomplete,Incomplete,Incomplete,Incomplete,Incomplete,In Progress,,
AFZ1016,Pending,Pending,Pending,Pending,Pending,Not Booked,Incomplete,Incomplete,Incomplete,Incomplete,Incomplete,In Progress,,
AFZ1017,Pending,Pending,Pending,Pending,Pending,Not Booked,Incomplete,Incomplete,Incomplete,Incomplete,Incomplete,In Progress,,
AFZ1018,Pending,Pending,Pending,Pending,Pending,Not Booked,Incomplete,Incomplete,Incomplete,Incomplete,Incomplete,In Progress,,
AFZ1019,Pending,Pending,Pending,Pending,Pending,Not Booked,Incomplete,Incomplete,Incomplete,Incomplete,Incomplete,In Progress,,
AFZ1020,Pending,Pending,Pending,Pending,Pending,Not Booked,Incomplete,Incomplete,Incomplete,Incomplete,Incomplete,In Progress,,
AFZ1021,Pending,Pending,Pending,Pending,Pending,Not Booked,Incomplete,Incomplete,Incomplete,Incomplete,Incomplete,In Progress,,
AFZ991,Pending,Pending,Pending,Pending,Pending,Not Booked,Incomplete,Incomplete,Incomplete,Incomplete,Incomplete,In Progress,,
AFZ992,Pending,Pending,Pending,Pending,Pending,Not Booked,Incomplete,Incomplete,Incomplete,Incomplete,Incomplete,In Progress,,
AFZ993,Pending,Pending,Pending,Pending,Pending,Not Booked,Incomplete,Incomplete,Incomplete,Incomplete,Incomplete,In Progress,,
AFZ994,Pending,Pending,Pending,Pending,Pending,Not Booked,Incomplete,Incomplete,Incomplete,Incomplete,Incomplete,In Progress,,
AFZ995,Pending,Pending,Pending,Pending,Pending,Not Booked,Incomplete,Incomplete,Incomplete,Incomplete,Incomplete,In Progress,,
AFZ996,Pending,Pending,Pending,Pending,Pending,Not Booked,Incomplete,Incomplete,Incomplete,Incomplete,Incomplete,In Progress,,
AFZ997,Pending,Pending,Pending,Pending,Pending,Not Booked,Incomplete,Incomplete,Incomplete,Incomplete,Incomplete,In Progress,,
AFZ998,Pending,Pending,Pending,Pending,Pending,Not Booked,Incomplete,Incomplete,Incomplete,Incomplete,Incomplete,In Progress,,
AFZ999,Pending,Pending,Pending,Pending,Pending,Not Booked,Incomplete,Incomplete,Incomplete,Incomplete,Incomplete,In Progress,,
ESW102,Pending,Pending,Pending,Pending,Pending,Not Booked,Incomplete,Incomplete,Incomplete,Incomplete,Incomplete,In Progress,,
ESW122,Pending,Pending,Pending,Pending,Pending,Not Booked,Incomplete,Incomplete,Incomplete,Incomplete,Incomplete,In Progress,,
ESW214,Pending,Pending,Pending,Pending,Pending,Not Booked,Incomplete,Incomplete,Incomplete,Incomplete,Incomplete,In Progress,,
ESW223,Pending,Pending,Pending,Pending,Pending,Not Booked,Incomplete,Incomplete,Incomplete,Incomplete,Incomplete,In Progress,,
ESW231,Pending,Pending,Pending,Pending,Pending,Not Booked,Incomplete,Incomplete,Incomplete,Incomplete,Incomplete,In Progress,,
ESW259,Pending,Pending,Pending,Pending,Pending,Not Booked,Incomplete,Incomplete,Incomplete,Incomplete,Incomplete,In Progress,,
ESW315,Pending,Pending,Pending,Pending,Pending,Not Booked,Incomplete,Incomplete,Incomplete,Incomplete,Incomplete,In Progress,,
ESW324,Pending,Pending,Pending,Pending,Pending,Not Booked,Incomplete,Incomplete,Incomplete,Incomplete,Incomplete,In Progress,,
ESW332,Pending,Pending,Pending,Pending,Pending,Not Booked,Incomplete,Incomplete,Incomplete,Incomplete,Incomplete,In Progress,,
ESW416,Pending,Pending,Pending,Pending,Pending,Not Booked,Incomplete,Incomplete,Incomplete,Incomplete,Incomplete,In Progress,,
ESW425,Pending,Pending,Pending,Pending,Pending,Not Booked,Incomplete,Incomplete,Incomplete,Incomplete,Incomplete,In Progress,,
ESW433,Pending,Pending,Pending,Pending,Pending,Not Booked,Incomplete,Incomplete,Incomplete,Incomplete,Incomplete,In Progress,,
ESW469,Pending,Pending,Pending,Pending,Pending,Not Booked,Incomplete,Incomplete,Incomplete,Incomplete,Incomplete,In Progress,,
ESW489,Pending,Pending,Pending,Pending,Pending,Not Booked,Incomplete,Incomplete,Incomplete,Incomplete,Incomplete,In Progress,,
ESW517,Pending,Pending,Pending,Pending,Pending,Not Booked,Incomplete,Incomplete,Incomplete,Incomplete,Incomplete,In Progress,,
ESW526,Pending,Pending,Pending,Pending,Pending,Not Booked,Incomplete,Incomplete,Incomplete,Incomplete,Incomplete,In Progress,,
ESW534,Pending,Pending,Pending,Pending,Pending,Not Booked,Incomplete,Incomplete,Incomplete,Incomplete,Incomplete,In Progress,,
ESW618,Pending,Pending,Pending,Pending,Pending,Not Booked,Incomplete,Incomplete,Incomplete,Incomplete,Incomplete,In Progress,,
ESW627,Pending,Pending,Pending,Pending,Pending,Not Booked,Incomplete,Incomplete,Incomplete,Incomplete,Incomplete,In Progress,,
ESW658,Pending,Pending,Pending,Pending,Pending,Not Booked,Incomplete,Incomplete,Incomplete,Incomplete,Incomplete,In Progress,,
ESW711,Pending,Pending,Pending,Pending,Pending,Not Booked,Incomplete,Incomplete,Incomplete,Incomplete,Incomplete,In Progress,,
ESW719,Pending,Pending,Pending,Pending,Pending,Not Booked,Incomplete,Incomplete,Incomplete,Incomplete,Incomplete,In Progress,,
ESW728,Pending,Pending,Pending,Pending,Pending,Not Booked,Incomplete,Incomplete,Incomplete,Incomplete,Incomplete,In Progress,,
ESW735,Pending,Pending,Pending,Pending,Pending,Not Booked,Incomplete,Incomplete,Incomplete,Incomplete,Incomplete,In Progress,,
ESW756,Pending,Pending,Pending,Pending,Pending,Not Booked,Incomplete,Incomplete,Incomplete,Incomplete,Incomplete,In Progress,,
ESW780,Pending,Pending,Pending,Pending,Pending,Not Booked,Incomplete,Incomplete,Incomplete,Incomplete,Incomplete,In Progress,,
ESW812,Pending,Pending,Pending,Pending,Pending,Not Booked,Incomplete,Incomplete,Incomplete,Incomplete,Incomplete,In Progress,,
ESW820,Pending,Pending,Pending,Pending,Pending,Not Booked,Incomplete,Incomplete,Incomplete,Incomplete,Incomplete,In Progress,,
ESW829,Pending,Pending,Pending,Pending,Pending,Not Booked,Incomplete,Incomplete,Incomplete,Incomplete,Incomplete,In Progress,,
ESW830,Pending,Pending,Pending,Pending,Pending,Not Booked,Incomplete,Incomplete,Incomplete,Incomplete,Incomplete,In Progress,,
ESW913,Pending,Pending,Pending,Pending,Pending,Not Booked,Incomplete,Incomplete,Incomplete,Incomplete,Incomplete,In Progress,,
ESW921,Pending,Pending,Pending,Pending,Pending,Not Booked,Incomplete,Incomplete,Incomplete,Incomplete,Incomplete,In Progress,,
ESW930,Pending,Pending,Pending,Pending,Pending,Not Booked,Incomplete,Incomplete,Incomplete,Incomplete,Incomplete,In Progress,,
ESW942,Yes,Accepted,Signed,Signed,Pending,Booked,Incomplete,Scheduled,Incomplete,Incomplete,Scheduled,In Progress,,
ESW968,Pending,Pending,Pending,Pending,Pending,Not Booked,Incomplete,Incomplete,Incomplete,Incomplete,Incomplete,In Progress,,
HBZ520,Pending,Pending,Pending,Pending,Pending,Not Booked,Incomplete,Incomplete,Incomplete,Incomplete,Incomplete,In Progress,,
HBZ521,Pending,Pending,Pending,Pending,Pending,Not Booked,Incomplete,Incomplete,Incomplete,Incomplete,Incomplete,In Progress,,
HBZ522,Pending,Pending,Pending,Pending,Pending,Not Booked,Incomplete,Incomplete,Incomplete,Incomplete,Incomplete,In Progress,,
HBZ523,Pending,Pending,Pending,Pending,Pending,Not Booked,Incomplete,Incomplete,Incomplete,Incomplete,Incomplete,In Progress,,
HBZ524,Pending,Pending,Pending,Pending,Pending,Not Booked,Incomplete,Incomplete,Incomplete,Incomplete,Incomplete,In Progress,,
HBZ525,Pending,Pending,Pending,Pending,Pending,Not Booked,Incomplete,Incomplete,Incomplete,Incomplete,Incomplete,In Progress,,
HBZ526,Pending,Pending,Pending,Pending,Pending,Not Booked,Incomplete,Incomplete,Incomplete,Incomplete,Incomplete,In Progress,,
HBZ527,Pending,Pending,Pending,Pending,Pending,Not Booked,Incomplete,Incomplete,Incomplete,Incomplete,Incomplete,In Progress,,
HBZ528,Pending,Pending,Pending,Pending,Pending,Not Booked,Incomplete,Incomplete,Incomplete,Incomplete,Incomplete,In Progress,,
HBZ529,Pending,Pending,Pending,Pending,Pending,Not Booked,Incomplete,Incomplete,Incomplete,Incomplete,Incomplete,In Progress,,
HBZ530,Pending,Pending,Pending,Pending,Pending,Not Booked,Incomplete,Incomplete,Incomplete,Incomplete,Incomplete,In Progress,,
HBZ531,Pending,Pending,Pending,Pending,Pending,Not Booked,Incomplete,Incomplete,Incomplete,Incomplete,Incomplete,In Progress,,
HBZ532,Pending,Pending,Pending,Pending,Pending,Not Booked,Incomplete,Incomplete,Incomplete,Incomplete,Incomplete,In Progress,,
HBZ533,Pending,Pending,Pending,Pending,Pending,Not Booked,Incomplete,Incomplete,Incomplete,Incomplete,Incomplete,In Progress,,
HBZ534,Pending,Pending,Pending,Pending,Pending,Not Booked,Incomplete,Incomplete,Incomplete,Incomplete,Incomplete,In Progress,,
HBZ535,Pending,Pending,Pending,Pending,Pending,Not Booked,Incomplete,Incomplete,Incomplete,Incomplete,Incomplete,In Progress,,
HBZ536,Pending,Pending,Pending,Pending,Pending,Not Booked,Incomplete,Incomplete,Incomplete,Incomplete,Incomplete,In Progress,,
HBZ537,Pending,Pending,Pending,Pending,Pending,Not Booked,Incomplete,Incomplete,Incomplete,Incomplete,Incomplete,In Progress,,
HBZ538,Pending,Pending,Pending,Pending,Pending,Not Booked,Incomplete,Incomplete,Incomplete,Incomplete,Incomplete,In Progress,,
HBZ539,Pending,Pending,Pending,Pending,Pending,Not Booked,Incomplete,Incomplete,Incomplete,Incomplete,Incomplete,In Progress,,
HBZ541,Pending,Pending,Pending,Pending,Pending,Not Booked,Incomplete,Incomplete,Incomplete,Incomplete,Incomplete,In Progress,,
HBZ542,Pending,Pending,Pending,Pending,Pending,Not Booked,Incomplete,Incomplete,Incomplete,Incomplete,Incomplete,In Progress,,
HBZ543,Pending,Pending,Pending,Pending,Pending,Not Booked,Incomplete,Incomplete,Incomplete,Incomplete,Incomplete,In Progress,,
HBZ544,Pending,Pending,Pending,Pending,Pending,Not Booked,Incomplete,Incomplete,Incomplete,Incomplete,Incomplete,In Progress,,
HBZ545,Pending,Pending,Pending,Pending,Pending,Not Booked,Incomplete,Incomplete,Incomplete,Incomplete,Incomplete,In Progress,,
HBZ546,Pending,Pending,Pending,Pending,Pending,Not Booked,Incomplete,Incomplete,Incomplete,Incomplete,Incomplete,In Progress,,
HBZ547,Pending,Pending,Pending,Pending,Pending,Not Booked,Incomplete,Incomplete,Incomplete,Incomplete,Incomplete,In Progress,,
HBZ548,Pending,Pending,Pending,Pending,Pending,Not Booked,Incomplete,Incomplete,Incomplete,Incomplete,Incomplete,In Progress,,
HBZ549,Pending,Pending,Pending,Pending,Pending,Not Booked,Incomplete,Incomplete,Incomplete,Incomplete,Incomplete,In Progress,,
HBZ550,Pending,Pending,Pending,Pending,Pending,Not Booked,Incomplete,Incomplete,Incomplete,Incomplete,Incomplete,In Progress,,
HBZ558,Pending,Pending,Pending,Pending,Pending,Not Booked,Incomplete,Incomplete,Incomplete,Incomplete,Incomplete,In Progress,,
HBZ559,Pending,Pending,Pending,Pending,Pending,Not Booked,Incomplete,Incomplete,Incomplete,Incomplete,Incomplete,In Progress,,
HBZ560,Pending,Pending,Pending,Pending,Pending,Not Booked,Incomplete,Incomplete,Incomplete,Incomplete,Incomplete,In Progress,,
HBZ561,Pending,Pending,Pending,Pending,Pending,Not Booked,Incomplete,Incomplete,Incomplete,Incomplete,Incomplete,In Progress,,
HBZ562,Pending,Pending,Pending,Pending,Pending,Not Booked,Incomplete,Incomplete,Incomplete,Incomplete,Incomplete,In Progress,,
HBZ563,Pending,Pending,Pending,Pending,Pending,Not Booked,Incomplete,Incomplete,Incomplete,Incomplete,Incomplete,In Progress,,
HBZ564,Pending,Pending,Pending,Pending,Pending,Not Booked,Incomplete,Incomplete,Incomplete,Incomplete,Incomplete,In Progress,,
HBZ565,Pending,Pending,Pending,Pending,Pending,Not Booked,Incomplete,Incomplete,Incomplete,Incomplete,Incomplete,In Progress,,
HBZ566,Pending,Pending,Pending,Pending,Pending,Not Booked,Incomplete,Incomplete,Incomplete,Incomplete,Incomplete,In Progress,,
HBZ567,Pending,Pending,Pending,Pending,Pending,Not Booked,Incomplete,Incomplete,Incomplete,Incomplete,Incomplete,In Progress,,
HBZ568,Pending,Pending,Pending,Pending,Pending,Not Booked,Incomplete,Incomplete,Incomplete,Incomplete,Incomplete,In Progress,,
HBZ569,Pending,Pending,Pending,Pending,Pending,Not Booked,Incomplete,Incomplete,Incomplete,Incomplete,Incomplete,In Progress,,
HBZ570,Pending,Pending,Pending,Pending,Pending,Not Booked,Incomplete,Incomplete,Incomplete,Incomplete,Incomplete,In Progress,,
HBZ571,Pending,Pending,Pending,Pending,Pending,Not Booked,Incomplete,Incomplete,Incomplete,Incomplete,Incomplete,In Progress,,
HBZ572,Pending,Pending,Pending,Pending,Pending,Not Booked,Incomplete,Incomplete,Incomplete,Incomplete,Incomplete,In Progress,,
HBZ573,Pending,Pending,Pending,Pending,Pending,Not Booked,Incomplete,Incomplete,Incomplete,Incomplete,Incomplete,In Progress,,
HBZ574,Pending,Pending,Pending,Pending,Pending,Not Booked,Incomplete,Incomplete,Incomplete,Incomplete,Incomplete,In Progress,,
HBZ575,Pending,Pending,Pending,Pending,Pending,Not Booked,Incomplete,Incomplete,Incomplete,Incomplete,Incomplete,In Progress,,
HBZ576,Pending,Pending,Pending,Pending,Pending,Not Booked,Incomplete,Incomplete,Incomplete,Incomplete,Incomplete,In Progress,,
HBZ577,Pending,Pending,Pending,Pending,Pending,Not Booked,Incomplete,Incomplete,Incomplete,Incomplete,Incomplete,In Progress,,
HBZ578,Pending,Pending,Pending,Pending,Pending,Not Booked,Incomplete,Incomplete,Incomplete,Incomplete,Incomplete,In Progress,,
HBZ579,Pending,Pending,Pending,Pending,Pending,Not Booked,Incomplete,Incomplete,Incomplete,Incomplete,Incomplete,In Progress,,
HBZ580,Pending,Pending,Pending,Pending,Pending,Not Booked,Incomplete,Incomplete,Incomplete,Incomplete,Incomplete,In Progress,,
HBZ581,Pending,Pending,Pending,Pending,Pending,Not Booked,Incomplete,Incomplete,Incomplete,Incomplete,Incomplete,In Progress,,
HBZ582,Pending,Pending,Pending,Pending,Pending,Not Booked,Incomplete,Incomplete,Incomplete,Incomplete,Incomplete,In Progress,,
HBZ583,Pending,Pending,Pending,Pending,Pending,Not Booked,Incomplete,Incomplete,Incomplete,Incomplete,Incomplete,In Progress,,
HBZ584,Pending,Pending,Pending,Pending,Pending,Not Booked,Incomplete,Incomplete,Incomplete,Incomplete,Incomplete,In Progress,,
HBZ585,Pending,Pending,Pending,Pending,Pending,Not Booked,Incomplete,Incomplete,Incomplete,Incomplete,Incomplete,In Progress,,
HBZ586,Pending,Pending,Pending,Pending,Pending,Not Booked,Incomplete,Incomplete,Incomplete,Incomplete,Incomplete,In Progress,,
HBZ587,Pending,Pending,Pending,Pending,Pending,Not Booked,Incomplete,Incomplete,Incomplete,Incomplete,Incomplete,In Progress,,
HBZ588,Pending,Pending,Pending,Pending,Pending,Not Booked,Incomplete,Incomplete,Incomplete,Incomplete,Incomplete,In Progress,,
HBZ589,Pending,Pending,Pending,Pending,Pending,Not Booked,Incomplete,Incomplete,Incomplete,Incomplete,Incomplete,In Progress,,
HBZ590,Pending,Pending,Pending,Pending,Pending,Not Booked,Incomplete,Incomplete,Incomplete,Incomplete,Incomplete,In Progress,,
HBZ591,Pending,Pending,Pending,Pending,Pending,Not Booked,Incomplete,Incomplete,Incomplete,Incomplete,Incomplete,In Progress,,
HBZ592,Pending,Pending,Pending,Pending,Pending,Not Booked,Incomplete,Incomplete,Incomplete,Incomplete,Incomplete,In Progress,,
HBZ593,Pending,Pending,Pending,Pending,Pending,Not Booked,Incomplete,Incomplete,Incomplete,Incomplete,Incomplete,In Progress,,
HBZ594,Pending,Pending,Pending,Pending,Pending,Not Booked,Incomplete,Incomplete,Incomplete,Incomplete,Incomplete,In Progress,,
HBZ595,Pending,Pending,Pending,Pending,Pending,Not Booked,Incomplete,Incomplete,Incomplete,Incomplete,Incomplete,In Progress,,
HBZ596,Pending,Pending,Pending,Pending,Pending,Not Booked,Incomplete,Incomplete,Incomplete,Incomplete,Incomplete,In Progress,,
HBZ597,Pending,Pending,Pending,Pending,Pending,Not Booked,Incomplete,Incomplete,Incomplete,Incomplete,Incomplete,In Progress,,
HBZ598,Pending,Pending,Pending,Pending,Pending,Not Booked,Incomplete,Incomplete,Incomplete,Incomplete,Incomplete,In Progress,,
HBZ599,Pending,Pending,Pending,Pending,Pending,Not Booked,Incomplete,Incomplete,Incomplete,Incomplete,Incomplete,In Progress,,
HBZ600,Pending,Pending,Pending,Pending,Pending,Not Booked,Incomplete,Incomplete,Incomplete,Incomplete,Incomplete,In Progress,,
HBZ601,Pending,Pending,Pending,Pending,Pending,Not Booked,Incomplete,Incomplete,Incomplete,Incomplete,Incomplete,In Progress,,
HBZ602,Pending,Pending,Pending,Pending,Pending,Not Booked,Incomplete,Incomplete,Incomplete,Incomplete,Incomplete,In Progress,,
HBZ603,Pending,Pending,Pending,Pending,Pending,Not Booked,Incomplete,Incomplete,Incomplete,Incomplete,Incomplete,In Progress,,
HBZ604,Pending,Pending,Pending,Pending,Pending,Not Booked,Incomplete,Incomplete,Incomplete,Incomplete,Incomplete,In Progress,,
HBZ605,Pending,Pending,Pending,Pending,Pending,Not Booked,Incomplete,Incomplete,Incomplete,Incomplete,Incomplete,In Progress,,
HBZ606,Pending,Pending,Pending,Pending,Pending,Not Booked,Incomplete,Incomplete,Incomplete,Incomplete,Incomplete,In Progress,,
HBZ607,Pending,Pending,Pending,Pending,Pending,Not Booked,Incomplete,Incomplete,Incomplete,Incomplete,Incomplete,In Progress,,
HBZ608,Pending,Pending,Pending,Pending,Pending,Not Booked,Incomplete,Incomplete,Incomplete,Incomplete,Incomplete,In Progress,,
HBZ609,Pending,Pending,Pending,Pending,Pending,Not Booked,Incomplete,Incomplete,Incomplete,Incomplete,Incomplete,In Progress,,
HBZ610,Pending,Pending,Pending,Pending,Pending,Not Booked,Incomplete,Incomplete,Incomplete,Incomplete,Incomplete,In Progress,,
HBZ611,Pending,Pending,Pending,Pending,Pending,Not Booked,Incomplete,Incomplete,Incomplete,Incomplete,Incomplete,In Progress,,
HBZ612,Pending,Pending,Pending,Pending,Pending,Not Booked,Incomplete,Incomplete,Incomplete,Incomplete,Incomplete,In Progress,,
HBZ613,Pending,Pending,Pending,Pending,Pending,Not Booked,Incomplete,Incomplete,Incomplete,Incomplete,Incomplete,In Progress,,
HBZ614,Pending,Pending,Pending,Pending,Pending,Not Booked,Incomplete,Incomplete,Incomplete,Incomplete,Incomplete,In Progress,,
HBZ615,Pending,Pending,Pending,Pending,Pending,Not Booked,Incomplete,Incomplete,Incomplete,Incomplete,Incomplete,In Progress,,
HBZ616,Pending,Pending,Pending,Pending,Pending,Not Booked,Incomplete,Incomplete,Incomplete,Incomplete,Incomplete,In Progress,,
HBZ617,Pending,Pending,Pending,Pending,Pending,Not Booked,Incomplete,Incomplete,Incomplete,Incomplete,Incomplete,In Progress,,
HBZ618,Pending,Pending,Pending,Pending,Pending,Not Booked,Incomplete,Incomplete,Incomplete,Incomplete,Incomplete,In Progress,,
HBZ619,Pending,Pending,Pending,Pending,Pending,Not Booked,Incomplete,Incomplete,Incomplete,Incomplete,Incomplete,In Progress,,
HBZ620,Pending,Pending,Pending,Pending,Pending,Not Booked,Incomplete,Incomplete,Incomplete,Incomplete,Incomplete,In Progress,,
HBZ621,Pending,Pending,Pending,Pending,Pending,Not Booked,Incomplete,Incomplete,Incomplete,Incomplete,Incomplete,In Progress,,
HBZ622,Pending,Pending,Pending,Pending,Pending,Not Booked,Incomplete,Incomplete,Incomplete,Incomplete,Incomplete,In Progress,,
HBZ623,Pending,Pending,Pending,Pending,Pending,Not Booked,Incomplete,Incomplete,Incomplete,Incomplete,Incomplete,In Progress,,
HBZ624,Pending,Pending,Pending,Pending,Pending,Not Booked,Incomplete,Incomplete,Incomplete,Incomplete,Incomplete,In Progress,,
HBZ625,Pending,Pending,Pending,Pending,Pending,Not Booked,Incomplete,Incomplete,Incomplete,Incomplete,Incomplete,In Progress,,
HBZ626,Pending,Pending,Pending,Pending,Pending,Not Booked,Incomplete,Incomplete,Incomplete,Incomplete,Incomplete,In Progress,,
HBZ627,Pending,Pending,Pending,Pending,Pending,Not Booked,Incomplete,Incomplete,Incomplete,Incomplete,Incomplete,In Progress,,
HBZ628,Pending,Pending,Pending,Pending,Pending,Not Booked,Incomplete,Incomplete,Incomplete,Incomplete,Incomplete,In Progress,,
HBZ629,Pending,Pending,Pending,Pending,Pending,Not Booked,Incomplete,Incomplete,Incomplete,Incomplete,Incomplete,In Progress,,
HBZ630,Pending,Pending,Pending,Pending,Pending,Not Booked,Incomplete,Incomplete,Incomplete,Incomplete,Incomplete,In Progress,,
HBZ631,Pending,Pending,Pending,Pending,Pending,Not Booked,Incomplete,Incomplete,Incomplete,Incomplete,Incomplete,In Progress,,
HBZ632,Pending,Pending,Pending,Pending,Pending,Not Booked,Incomplete,Incomplete,Incomplete,Incomplete,Incomplete,In Progress,,
HBZ633,Pending,Pending,Pending,Pending,Pending,Not Booked,Incomplete,Incomplete,Incomplete,Incomplete,Incomplete,In Progress,,
HBZ634,Pending,Pending,Pending,Pending,Pending,Not Booked,Incomplete,Incomplete,Incomplete,Incomplete,Incomplete,In Progress,,
HBZ635,Pending,Pending,Pending,Pending,Pending,Not Booked,Incomplete,Incomplete,Incomplete,Incomplete,Incomplete,In Progress,,
HBZ636,Pending,Pending,Pending,Pending,Pending,Not Booked,Incomplete,Incomplete,Incomplete,Incomplete,Incomplete,In Progress,,
HBZ637,Pending,Pending,Pending,Pending,Pending,Not Booked,Incomplete,Incomplete,Incomplete,Incomplete,Incomplete,In Progress,,
HBZ638,Pending,Pending,Pending,Pending,Pending,Not Booked,Incomplete,Incomplete,Incomplete,Incomplete,Incomplete,In Progress,,
HBZ639,Pending,Pending,Pending,Pending,Pending,Not Booked,Incomplete,Incomplete,Incomplete,Incomplete,Incomplete,In Progress,,
HBZ640,Pending,Pending,Pending,Pending,Pending,Not Booked,Incomplete,Incomplete,Incomplete,Incomplete,Incomplete,In Progress,,
HBZ641,Pending,Pending,Pending,Pending,Pending,Not Booked,Incomplete,Incomplete,Incomplete,Incomplete,Incomplete,In Progress,,
HBZ642,Pending,Pending,Pending,Pending,Pending,Not Booked,Incomplete,Incomplete,Incomplete,Incomplete,Incomplete,In Progress,,
HBZ643,Pending,Pending,Pending,Pending,Pending,Not Booked,Incomplete,Incomplete,Incomplete,Incomplete,Incomplete,In Progress,,
HBZ644,Pending,Pending,Pending,Pending,Pending,Not Booked,Incomplete,Incomplete,Incomplete,Incomplete,Incomplete,In Progress,,
HBZ645,Pending,Pending,Pending,Pending,Pending,Not Booked,Incomplete,Incomplete,Incomplete,Incomplete,Incomplete,In Progress,,
HBZ646,Pending,Pending,Pending,Pending,Pending,Not Booked,Incomplete,Incomplete,Incomplete,Incomplete,Incomplete,In Progress,,
HBZ647,Pending,Pending,Pending,Pending,Pending,Not Booked,Incomplete,Incomplete,Incomplete,Incomplete,Incomplete,In Progress,,
HBZ648,Pending,Pending,Pending,Pending,Pending,Not Booked,Incomplete,Incomplete,Incomplete,Incomplete,Incomplete,In Progress,,
HBZ649,Pending,Pending,Pending,Pending,Pending,Not Booked,Incomplete,Incomplete,Incomplete,Incomplete,Incomplete,In Progress,,
HBZ650,Pending,Pending,Pending,Pending,Pending,Not Booked,Incomplete,Incomplete,Incomplete,Incomplete,Incomplete,In Progress,,
HBZ651,Pending,Pending,Pending,Pending,Pending,Not Booked,Incomplete,Incomplete,Incomplete,Incomplete,Incomplete,In Progress,,
HBZ652,Pending,Pending,Pending,Pending,Pending,Not Booked,Incomplete,Incomplete,Incomplete,Incomplete,Incomplete,In Progress,,
HBZ653,Pending,Pending,Pending,Pending,Pending,Not Booked,Incomplete,Incomplete,Incomplete,Incomplete,Incomplete,In Progress,,
HBZ654,Pending,Pending,Pending,Pending,Pending,Not Booked,Incomplete,Incomplete,Incomplete,Incomplete,Incomplete,In Progress,,
HBZ655,Pending,Pending,Pending,Pending,Pending,Not Booked,Incomplete,Incomplete,Incomplete,Incomplete,Incomplete,In Progress,,
HBZ656,Pending,Pending,Pending,Pending,Pending,Not Booked,Incomplete,Incomplete,Incomplete,Incomplete,Incomplete,In Progress,,
HBZ657,Pending,Pending,Pending,Pending,Pending,Not Booked,Incomplete,Incomplete,Incomplete,Incomplete,Incomplete,In Progress,,
HBZ658,Pending,Pending,Pending,Pending,Pending,Not Booked,Incomplete,Incomplete,Incomplete,Incomplete,Incomplete,In Progress,,
HBZ659,Pending,Pending,Pending,Pending,Pending,Not Booked,Incomplete,Incomplete,Incomplete,Incomplete,Incomplete,In Progress,,
HBZ660,Pending,Pending,Pending,Pending,Pending,Not Booked,Incomplete,Incomplete,Incomplete,Incomplete,Incomplete,In Progress,,
HBZ661,Pending,Pending,Pending,Pending,Pending,Not Booked,Incomplete,Incomplete,Incomplete,Incomplete,Incomplete,In Progress,,
HBZ662,Pending,Pending,Pending,Pending,Pending,Not Booked,Incomplete,Incomplete,Incomplete,Incomplete,Incomplete,In Progress,,
HBZ663,Pending,Pending,Pending,Pending,Pending,Not Booked,Incomplete,Incomplete,Incomplete,Incomplete,Incomplete,In Progress,,
HBZ664,Pending,Pending,Pending,Pending,Pending,Not Booked,Incomplete,Incomplete,Incomplete,Incomplete,Incomplete,In Progress,,
HBZ665,Pending,Pending,Pending,Pending,Pending,Not Booked,Incomplete,Incomplete,Incomplete,Incomplete,Incomplete,In Progress,,
HBZ666,Pending,Pending,Pending,Pending,Pending,Not Booked,Incomplete,Incomplete,Incomplete,Incomplete,Incomplete,In Progress,,
HBZ667,Pending,Pending,Pending,Pending,Pending,Not Booked,Incomplete,Incomplete,Incomplete,Incomplete,Incomplete,In Progress,,
HBZ668,Pending,Pending,Pending,Pending,Pending,Not Booked,Incomplete,Incomplete,Incomplete,Incomplete,Incomplete,In Progress,,
HBZ669,Pending,Pending,Pending,Pending,Pending,Not Booked,Incomplete,Incomplete,Incomplete,Incomplete,Incomplete,In Progress,,
HBZ670,Pending,Pending,Pending,Pending,Pending,Not Booked,Incomplete,Incomplete,Incomplete,Incomplete,Incomplete,In Progress,,
HBZ671,Pending,Pending,Pending,Pending,Pending,Not Booked,Incomplete,Incomplete,Incomplete,Incomplete,Incomplete,In Progress,,
HBZ672,Pending,Pending,Pending,Pending,Pending,Not Booked,Incomplete,Incomplete,Incomplete,Incomplete,Incomplete,In Progress,,
HBZ673,Pending,Pending,Pending,Pending,Pending,Not Booked,Incomplete,Incomplete,Incomplete,Incomplete,Incomplete,In Progress,,
HBZ674,Pending,Pending,Pending,Pending,Pending,Not Booked,Incomplete,Incomplete,Incomplete,Incomplete,Incomplete,In Progress,,
HBZ675,Pending,Pending,Pending,Pending,Pending,Not Booked,Incomplete,Incomplete,Incomplete,Incomplete,Incomplete,In Progress,,
HBZ676,Pending,Pending,Pending,Pending,Pending,Not Booked,Incomplete,Incomplete,Incomplete,Incomplete,Incomplete,In Progress,,
HBZ677,Pending,Pending,Pending,Pending,Pending,Not Booked,Incomplete,Incomplete,Incomplete,Incomplete,Incomplete,In Progress,,
HBZ678,Pending,Pending,Pending,Pending,Pending,Not Booked,Incomplete,Incomplete,Incomplete,Incomplete,Incomplete,In Progress,,
HBZ679,Pending,Pending,Pending,Pending,Pending,Not Booked,Incomplete,Incomplete,Incomplete,Incomplete,Incomplete,In Progress,,
HBZ680,Pending,Pending,Pending,Pending,Pending,Not Booked,Incomplete,Incomplete,Incomplete,Incomplete,Incomplete,In Progress,,
HBZ681,Pending,Pending,Pending,Pending,Pending,Not Booked,Incomplete,Incomplete,Incomplete,Incomplete,Incomplete,In Progress,,
HBZ682,Pending,Pending,Pending,Pending,Pending,Not Booked,Incomplete,Incomplete,Incomplete,Incomplete,Incomplete,In Progress,,
HBZ683,Pending,Pending,Pending,Pending,Pending,Not Booked,Incomplete,Incomplete,Incomplete,Incomplete,Incomplete,In Progress,,
HBZ684,Pending,Pending,Pending,Pending,Pending,Not Booked,Incomplete,Incomplete,Incomplete,Incomplete,Incomplete,In Progress,,
HBZ685,Pending,Pending,Pending,Pending,Pending,Not Booked,Incomplete,Incomplete,Incomplete,Incomplete,Incomplete,In Progress,,
HBZ686,Pending,Pending,Pending,Pending,Pending,Not Booked,Incomplete,Incomplete,Incomplete,Incomplete,Incomplete,In Progress,,
HBZ687,Pending,Pending,Pending,Pending,Pending,Not Booked,Incomplete,Incomplete,Incomplete,Incomplete,Incomplete,In Progress,,
HBZ688,Pending,Pending,Pending,Pending,Pending,Not Booked,Incomplete,Incomplete,Incomplete,Incomplete,Incomplete,In Progress,,
HBZ689,Pending,Pending,Pending,Pending,Pending,Not Booked,Incomplete,Incomplete,Incomplete,Incomplete,Incomplete,In Progress,,
HBZ690,Pending,Pending,Pending,Pending,Pending,Not Booked,Incomplete,Incomplete,Incomplete,Incomplete,Incomplete,In Progress,,
HBZ691,Pending,Pending,Pending,Pending,Pending,Not Booked,Incomplete,Incomplete,Incomplete,Incomplete,Incomplete,In Progress,,
HBZ692,Pending,Pending,Pending,Pending,Pending,Not Booked,Incomplete,Incomplete,Incomplete,Incomplete,Incomplete,In Progress,,
HBZ693,Pending,Pending,Pending,Pending,Pending,Not Booked,Incomplete,Incomplete,Incomplete,Incomplete,Incomplete,In Progress,,
HBZ694,Pending,Pending,Pending,Pending,Pending,Not Booked,Incomplete,Incomplete,Incomplete,Incomplete,Incomplete,In Progress,,
HBZ695,Pending,Pending,Pending,Pending,Pending,Not Booked,Incomplete,Incomplete,Incomplete,Incomplete,Incomplete,In Progress,,
HBZ696,Pending,Pending,Pending,Pending,Pending,Not Booked,Incomplete,Incomplete,Incomplete,Incomplete,Incomplete,In Progress,,
HBZ697,Pending,Pending,Pending,Pending,Pending,Not Booked,Incomplete,Incomplete,Incomplete,Incomplete,Incomplete,In Progress,,
HBZ705,Pending,Pending,Pending,Pending,Pending,Not Booked,Incomplete,Incomplete,Incomplete,Incomplete,Incomplete,In Progress,,
HBZ706,Pending,Pending,Pending,Pending,Pending,Not Booked,Incomplete,Incomplete,Incomplete,Incomplete,Incomplete,In Progress,,
HBZ707,Pending,Pending,Pending,Pending,Pending,Not Booked,Incomplete,Incomplete,Incomplete,Incomplete,Incomplete,In Progress,,
HBZ708,Pending,Pending,Pending,Pending,Pending,Not Booked,Incomplete,Incomplete,Incomplete,Incomplete,Incomplete,In Progress,,
HBZ709,Pending,Pending,Pending,Pending,Pending,Not Booked,Incomplete,Incomplete,Incomplete,Incomplete,Incomplete,In Progress,,
HBZ710,Pending,Pending,Pending,Pending,Pending,Not Booked,Incomplete,Incomplete,Incomplete,Incomplete,Incomplete,In Progress,,
HBZ711,Pending,Pending,Pending,Pending,Pending,Not Booked,Incomplete,Incomplete,Incomplete,Incomplete,Incomplete,In Progress,,
HBZ712,Pending,Pending,Pending,Pending,Pending,Not Booked,Incomplete,Incomplete,Incomplete,Incomplete,Incomplete,In Progress,,
HBZ713,Pending,Pending,Pending,Pending,Pending,Not Booked,Incomplete,Incomplete,Incomplete,Incomplete,Incomplete,In Progress,,
HBZ714,Pending,Pending,Pending,Pending,Pending,Not Booked,Incomplete,Incomplete,Incomplete,Incomplete,Incomplete,In Progress,,
HBZ715,Pending,Pending,Pending,Pending,Pending,Not Booked,Incomplete,Incomplete,Incomplete,Incomplete,Incomplete,In Progress,,
HBZ716,Pending,Pending,Pending,Pending,Pending,Not Booked,Incomplete,Incomplete,Incomplete,Incomplete,Incomplete,In Progress,,
HBZ717,Pending,Pending,Pending,Pending,Pending,Not Booked,Incomplete,Incomplete,Incomplete,Incomplete,Incomplete,In Progress,,
HBZ718,Pending,Pending,Pending,Pending,Pending,Not Booked,Incomplete,Incomplete,Incomplete,Incomplete,Incomplete,In Progress,,
HBZ719,Pending,Pending,Pending,Pending,Pending,Not Booked,Incomplete,Incomplete,Incomplete,Incomplete,Incomplete,In Progress,,
HBZ720,Pending,Pending,Pending,Pending,Pending,Not Booked,Incomplete,Incomplete,Incomplete,Incomplete,Incomplete,In Progress,,
HBZ721,Pending,Pending,Pending,Pending,Pending,Not Booked,Incomplete,Incomplete,Incomplete,Incomplete,Incomplete,In Progress,,
HBZ722,Pending,Pending,Pending,Pending,Pending,Not Booked,Incomplete,Incomplete,Incomplete,Incomplete,Incomplete,In Progress,,
HBZ723,Pending,Pending,Pending,Pending,Pending,Not Booked,Incomplete,Incomplete,Incomplete,Incomplete,Incomplete,In Progress,,
HBZ724,Pending,Pending,Pending,Pending,Pending,Not Booked,Incomplete,Incomplete,Incomplete,Incomplete,Incomplete,In Progress,,
HBZ725,Pending,Pending,Pending,Pending,Pending,Not Booked,Incomplete,Incomplete,Incomplete,Incomplete,Incomplete,In Progress,,
HBZ726,Pending,Pending,Pending,Pending,Pending,Not Booked,Incomplete,Incomplete,Incomplete,Incomplete,Incomplete,In Progress,,
HBZ727,Pending,Pending,Pending,Pending,Pending,Not Booked,Incomplete,Incomplete,Incomplete,Incomplete,Incomplete,In Progress,,
HBZ728,Pending,Pending,Pending,Pending,Pending,Not Booked,Incomplete,Incomplete,Incomplete,Incomplete,Incomplete,In Progress,,
HBZ729,Pending,Pending,Pending,Pending,Pending,Not Booked,Incomplete,Incomplete,Incomplete,Incomplete,Incomplete,In Progress,,
HBZ730,Pending,Pending,Pending,Pending,Pending,Not Booked,Incomplete,Incomplete,Incomplete,Incomplete,Incomplete,In Progress,,
HBZ731,Pending,Pending,Pending,Pending,Pending,Not Booked,Incomplete,Incomplete,Incomplete,Incomplete,Incomplete,In Progress,,
HBZ732,Pending,Pending,Pending,Pending,Pending,Not Booked,Incomplete,Incomplete,Incomplete,Incomplete,Incomplete,In Progress,,
HBZ733,Pending,Pending,Pending,Pending,Pending,Not Booked,Incomplete,Incomplete,Incomplete,Incomplete,Incomplete,In Progress,,
HBZ734,Pending,Pending,Pending,Pending,Pending,Not Booked,Incomplete,Incomplete,Incomplete,Incomplete,Incomplete,In Progress,,
HBZ735,Pending,Pending,Pending,Pending,Pending,Not Booked,Incomplete,Incomplete,Incomplete,Incomplete,Incomplete,In Progress,,
HBZ736,Pending,Pending,Pending,Pending,Pending,Not Booked,Incomplete,Incomplete,Incomplete,Incomplete,Incomplete,In Progress,,
HBZ737,Pending,Pending,Pending,Pending,Pending,Not Booked,Incomplete,Incomplete,Incomplete,Incomplete,Incomplete,In Progress,,
HBZ738,Pending,Pending,Pending,Pending,Pending,Not Booked,Incomplete,Incomplete,Incomplete,Incomplete,Incomplete,In Progress,,
HBZ739,Pending,Pending,Pending,Pending,Pending,Not Booked,Incomplete,Incomplete,Incomplete,Incomplete,Incomplete,In Progress,,
HBZ740,Pending,Pending,Pending,Pending,Pending,Not Booked,Incomplete,Incomplete,Incomplete,Incomplete,Incomplete,In Progress,,
HBZ741,Pending,Pending,Pending,Pending,Pending,Not Booked,Incomplete,Incomplete,Incomplete,Incomplete,Incomplete,In Progress,,
SPN560,Pending,Pending,Pending,Pending,Pending,Not Booked,Incomplete,Incomplete,Incomplete,Incomplete,Incomplete,In Progress,,
SPN561,Pending,Pending,Pending,Pending,Pending,Not Booked,Incomplete,Incomplete,Incomplete,Incomplete,Incomplete,In Progress,,
SPN562,Pending,Pending,Pending,Pending,Pending,Not Booked,Incomplete,Incomplete,Incomplete,Incomplete,Incomplete,In Progress,,
SPN563,Pending,Pending,Pending,Pending,Pending,Not Booked,Incomplete,Incomplete,Incomplete,Incomplete,Incomplete,In Progress,,
SPN564,Pending,Pending,Pending,Pending,Pending,Not Booked,Incomplete,Incomplete,Incomplete,Incomplete,Incomplete,In Progress,,
SPN565,Pending,Pending,Pending,Pending,Pending,Not Booked,Incomplete,Incomplete,Incomplete,Incomplete,Incomplete,In Progress,,
SPN566,Pending,Pending,Pending,Pending,Pending,Not Booked,Incomplete,Incomplete,Incomplete,Incomplete,Incomplete,In Progress,,
SPN567,Pending,Pending,Pending,Pending,Pending,Not Booked,Incomplete,Incomplete,Incomplete,Incomplete,Incomplete,In Progress,,
SPN568,Pending,Pending,Pending,Pending,Pending,Not Booked,Incomplete,Incomplete,Incomplete,Incomplete,Incomplete,In Progress,,
SPN569,Pending,Pending,Pending,Pending,Pending,Not Booked,Incomplete,Incomplete,Incomplete,Incomplete,Incomplete,In Progress,,
SPN570,Pending,Pending,Pending,Pending,Pending,Not Booked,Incomplete,Incomplete,Incomplete,Incomplete,Incomplete,In Progress,,
SPN571,Pending,Pending,Pending,Pending,Pending,Not Booked,Incomplete,Incomplete,Incomplete,Incomplete,Incomplete,In Progress,,
SPN572,Pending,Pending,Pending,Pending,Pending,Not Booked,Incomplete,Incomplete,Incomplete,Incomplete,Incomplete,In Progress,,
SPN573,Pending,Pending,Pending,Pending,Pending,Not Booked,Incomplete,Incomplete,Incomplete,Incomplete,Incomplete,In Progress,,
SPN574,Pending,Pending,Pending,Pending,Pending,Not Booked,Incomplete,Incomplete,Incomplete,Incomplete,Incomplete,In Progress,,
SPN575,Pending,Pending,Pending,Pending,Pending,Not Booked,Incomplete,Incomplete,Incomplete,Incomplete,Incomplete,In Progress,,
SPN576,Pending,Pending,Pending,Pending,Pending,Not Booked,Incomplete,Incomplete,Incomplete,Incomplete,Incomplete,In Progress,,
SPN577,Pending,Pending,Pending,Pending,Pending,Not Booked,Incomplete,Incomplete,Incomplete,Incomplete,Incomplete,In Progress,,
SPN578,Pending,Pending,Pending,Pending,Pending,Not Booked,Incomplete,Incomplete,Incomplete,Incomplete,Incomplete,In Progress,,
SPN579,Pending,Pending,Pending,Pending,Pending,Not Booked,Incomplete,Incomplete,Incomplete,Incomplete,Incomplete,In Progress,,
SPN580,Pending,Pending,Pending,Pending,Pending,Not Booked,Incomplete,Incomplete,Incomplete,Incomplete,Incomplete,In Progress,,
SPN581,Pending,Pending,Pending,Pending,Pending,Not Booked,Incomplete,Incomplete,Incomplete,Incomplete,Incomplete,In Progress,,
SPN582,Pending,Pending,Pending,Pending,Pending,Not Booked,Incomplete,Incomplete,Incomplete,Incomplete,Incomplete,In Progress,,
SPN583,Pending,Pending,Pending,Pending,Pending,Not Booked,Incomplete,Incomplete,Incomplete,Incomplete,Incomplete,In Progress,,
SPN584,Pending,Pending,Pending,Pending,Pending,Not Booked,Incomplete,Incomplete,Incomplete,Incomplete,Incomplete,In Progress,,
SPN585,Pending,Pending,Pending,Pending,Pending,Not Booked,Incomplete,Incomplete,Incomplete,Incomplete,Incomplete,In Progress,,
SPN586,Pending,Pending,Pending,Pending,Pending,Not Booked,Incomplete,Incomplete,Incomplete,Incomplete,Incomplete,In Progress,,
SPN587,Pending,Pending,Pending,Pending,Pending,Not Booked,Incomplete,Incomplete,Incomplete,Incomplete,Incomplete,In Progress,,
SPN588,Pending,Pending,Pending,Pending,Pending,Not Booked,Incomplete,Incomplete,Incomplete,Incomplete,Incomplete,In Progress,,
SPN589,Pending,Pending,Pending,Pending,Pending,Not Booked,Incomplete,Incomplete,Incomplete,Incomplete,Incomplete,In Progress,,
SPN590,Pending,Pending,Pending,Pending,Pending,Not Booked,Incomplete,Incomplete,Incomplete,Incomplete,Incomplete,In Progress,,
SPN591,Pending,Pending,Pending,Pending,Pending,Not Booked,Incomplete,Incomplete,Incomplete,Incomplete,Incomplete,In Progress,,
SPN592,Pending,Pending,Pending,Pending,Pending,Not Booked,Incomplete,Incomplete,Incomplete,Incomplete,Incomplete,In Progress,,
SPN593,Pending,Pending,Pending,Pending,Pending,Not Booked,Incomplete,Incomplete,Incomplete,Incomplete,Incomplete,In Progress,,
SPN594,Pending,Pending,Pending,Pending,Pending,Not Booked,Incomplete,Incomplete,Incomplete,Incomplete,Incomplete,In Progress,,
SPN595,Pending,Pending,Pending,Pending,Pending,Not Booked,Incomplete,Incomplete,Incomplete,Incomplete,Incomplete,In Progress,,
SPN596,Pending,Pending,Pending,Pending,Pending,Not Booked,Incomplete,Incomplete,Incomplete,Incomplete,Incomplete,In Progress,,
SPN597,Pending,Pending,Pending,Pending,Pending,Not Booked,Incomplete,Incomplete,Incomplete,Incomplete,Incomplete,In Progress,,
SPN598,Pending,Pending,Pending,Pending,Pending,Not Booked,Incomplete,Incomplete,Incomplete,Incomplete,Incomplete,In Progress,,
SPN599,Pending,Pending,Pending,Pending,Pending,Not Booked,Incomplete,Incomplete,Incomplete,Incomplete,Incomplete,In Progress,,
SPN600,Pending,Pending,Pending,Pending,Pending,Not Booked,Incomplete,Incomplete,Incomplete,Incomplete,Incomplete,In Progress,,
SPN601,Pending,Pending,Pending,Pending,Pending,Not Booked,Incomplete,Incomplete,Incomplete,Incomplete,Incomplete,In Progress,,
SPN602,Pending,Pending,Pending,Pending,Pending,Not Booked,Incomplete,Incomplete,Incomplete,Incomplete,Incomplete,In Progress,,
SPN603,Pending,Pending,Pending,Pending,Pending,Not Booked,Incomplete,Incomplete,Incomplete,Incomplete,Incomplete,In Progress,,
SPN604,Pending,Pending,Pending,Pending,Pending,Not Booked,Incomplete,Incomplete,Incomplete,Incomplete,Incomplete,In Progress,,
SPN605,Pending,Pending,Pending,Pending,Pending,Not Booked,Incomplete,Incomplete,Incomplete,Incomplete,Incomplete,In Progress,,
SPN606,Pending,Pending,Pending,Pending,Pending,Not Booked,Incomplete,Incomplete,Incomplete,Incomplete,Incomplete,In Progress,,
SPN607,Pending,Pending,Pending,Pending,Pending,Not Booked,Incomplete,Incomplete,Incomplete,Incomplete,Incomplete,In Progress,,
SPN608,Pending,Pending,Pending,Pending,Pending,Not Booked,Incomplete,Incomplete,Incomplete,Incomplete,Incomplete,In Progress,,
SPN609,Pending,Pending,Pending,Pending,Pending,Not Booked,Incomplete,Incomplete,Incomplete,Incomplete,Incomplete,In Progress,,
SPN610,Pending,Pending,Pending,Pending,Pending,Not Booked,Incomplete,Incomplete,Incomplete,Incomplete,Incomplete,In Progress,,
SPN611,Pending,Pending,Pending,Pending,Pending,Not Booked,Incomplete,Incomplete,Incomplete,Incomplete,Incomplete,In Progress,,
SPN612,Pending,Pending,Pending,Pending,Pending,Not Booked,Incomplete,Incomplete,Incomplete,Incomplete,Incomplete,In Progress,,
SPN613,Pending,Pending,Pending,Pending,Pending,Not Booked,Incomplete,Incomplete,Incomplete,Incomplete,Incomplete,In Progress,,
SPN614,Pending,Pending,Pending,Pending,Pending,Not Booked,Incomplete,Incomplete,Incomplete,Incomplete,Incomplete,In Progress,,
SPN615,Pending,Pending,Pending,Pending,Pending,Not Booked,Incomplete,Incomplete,Incomplete,Incomplete,Incomplete,In Progress,,
SPN616,Pending,Pending,Pending,Pending,Pending,Not Booked,Incomplete,Incomplete,Incomplete,Incomplete,Incomplete,In Progress,,
SPN617,Pending,Pending,Pending,Pending,Pending,Not Booked,Incomplete,Incomplete,Incomplete,Incomplete,Incomplete,In Progress,,
SPN618,Pending,Pending,Pending,Pending,Pending,Not Booked,Incomplete,Incomplete,Incomplete,Incomplete,Incomplete,In Progress,,
SPN619,Pending,Pending,Pending,Pending,Pending,Not Booked,Incomplete,Incomplete,Incomplete,Incomplete,Incomplete,In Progress,,
SPN620,Pending,Pending,Pending,Pending,Pending,Not Booked,Incomplete,Incomplete,Incomplete,Incomplete,Incomplete,In Progress,,
SPN621,Pending,Pending,Pending,Pending,Pending,Not Booked,Incomplete,Incomplete,Incomplete,Incomplete,Incomplete,In Progress,,
SPN622,Pending,Pending,Pending,Pending,Pending,Not Booked,Incomplete,Incomplete,Incomplete,Incomplete,Incomplete,In Progress,,
SPN623,Pending,Pending,Pending,Pending,Pending,Not Booked,Incomplete,Incomplete,Incomplete,Incomplete,Incomplete,In Progress,,
SPN624,Pending,Pending,Pending,Pending,Pending,Not Booked,Incomplete,Incomplete,Incomplete,Incomplete,Incomplete,In Progress,,
SPN625,Pending,Pending,Pending,Pending,Pending,Not Booked,Incomplete,Incomplete,Incomplete,Incomplete,Incomplete,In Progress,,
SPN626,Pending,Pending,Pending,Pending,Pending,Not Booked,Incomplete,Incomplete,Incomplete,Incomplete,Incomplete,In Progress,,
SPN627,Pending,Pending,Pending,Pending,Pending,Not Booked,Incomplete,Incomplete,Incomplete,Incomplete,Incomplete,In Progress,,
SPN628,Pending,Pending,Pending,Pending,Pending,Not Booked,Incomplete,Incomplete,Incomplete,Incomplete,Incomplete,In Progress,,
SPN629,Pending,Pending,Pending,Pending,Pending,Not Booked,Incomplete,Incomplete,Incomplete,Incomplete,Incomplete,In Progress,,
SPN630,Pending,Pending,Pending,Pending,Pending,Not Booked,Incomplete,Incomplete,Incomplete,Incomplete,Incomplete,In Progress,,
SPN631,Pending,Pending,Pending,Pending,Pending,Not Booked,Incomplete,Incomplete,Incomplete,Incomplete,Incomplete,In Progress,,
SPN632,Pending,Pending,Pending,Pending,Pending,Not Booked,Incomplete,Incomplete,Incomplete,Incomplete,Incomplete,In Progress,,
SPN633,Pending,Pending,Pending,Pending,Pending,Not Booked,Incomplete,Incomplete,Incomplete,Incomplete,Incomplete,In Progress,,
SPN634,Pending,Pending,Pending,Pending,Pending,Not Booked,Incomplete,Incomplete,Incomplete,Incomplete,Incomplete,In Progress,,
SPN635,Pending,Pending,Pending,Pending,Pending,Not Booked,Incomplete,Incomplete,Incomplete,Incomplete,Incomplete,In Progress,,
SPN636,Pending,Pending,Pending,Pending,Pending,Not Booked,Incomplete,Incomplete,Incomplete,Incomplete,Incomplete,In Progress,,
SPN637,Pending,Pending,Pending,Pending,Pending,Not Booked,Incomplete,Incomplete,Incomplete,Incomplete,Incomplete,In Progress,,
SPN638,Pending,Pending,Pending,Pending,Pending,Not Booked,Incomplete,Incomplete,Incomplete,Incomplete,Incomplete,In Progress,,
SPN639,Pending,Pending,Pending,Pending,Pending,Not Booked,Incomplete,Incomplete,Incomplete,Incomplete,Incomplete,In Progress,,
SPN640,Pending,Pending,Pending,Pending,Pending,Not Booked,Incomplete,Incomplete,Incomplete,Incomplete,Incomplete,In Progress,,
SPN641,Pending,Pending,Pending,Pending,Pending,Not Booked,Incomplete,Incomplete,Incomplete,Incomplete,Incomplete,In Progress,,
SPN642,Pending,Pending,Pending,Pending,Pending,Not Booked,Incomplete,Incomplete,Incomplete,Incomplete,Incomplete,In Progress,,
SPN643,Pending,Pending,Pending,Pending,Pending,Not Booked,Incomplete,Incomplete,Incomplete,Incomplete,Incomplete,In Progress,,
SPN644,Pending,Pending,Pending,Pending,Pending,Not Booked,Incomplete,Incomplete,Incomplete,Incomplete,Incomplete,In Progress,,
SPN645,Pending,Pending,Pending,Pending,Pending,Not Booked,Incomplete,Incomplete,Incomplete,Incomplete,Incomplete,In Progress,,
SPN646,Pending,Pending,Pending,Pending,Pending,Not Booked,Incomplete,Incomplete,Incomplete,Incomplete,Incomplete,In Progress,,
SPN647,Pending,Pending,Pending,Pending,Pending,Not Booked,Incomplete,Incomplete,Incomplete,Incomplete,Incomplete,In Progress,,
SPN648,Pending,Pending,Pending,Pending,Pending,Not Booked,Incomplete,Incomplete,Incomplete,Incomplete,Incomplete,In Progress,,
SPN649,Pending,Pending,Pending,Pending,Pending,Not Booked,Incomplete,Incomplete,Incomplete,Incomplete,Incomplete,In Progress,,
SPN650,Pending,Pending,Pending,Pending,Pending,Not Booked,Incomplete,Incomplete,Incomplete,Incomplete,Incomplete,In Progress,,
SPN651,Pending,Pending,Pending,Pending,Pending,Not Booked,Incomplete,Incomplete,Incomplete,Incomplete,Incomplete,In Progress,,
SPN652,Pending,Pending,Pending,Pending,Pending,Not Booked,Incomplete,Incomplete,Incomplete,Incomplete,Incomplete,In Progress,,
SPN653,Pending,Pending,Pending,Pending,Pending,Not Booked,Incomplete,Incomplete,Incomplete,Incomplete,Incomplete,In Progress,,
SPN654,Pending,Pending,Pending,Pending,Pending,Not Booked,Incomplete,Incomplete,Incomplete,Incomplete,Incomplete,In Progress,,
SPN655,Pending,Pending,Pending,Pending,Pending,Not Booked,Incomplete,Incomplete,Incomplete,Incomplete,Incomplete,In Progress,,
SPN656,Pending,Pending,Pending,Pending,Pending,Not Booked,Incomplete,Incomplete,Incomplete,Incomplete,Incomplete,In Progress,,
SPN657,Pending,Pending,Pending,Pending,Pending,Not Booked,Incomplete,Incomplete,Incomplete,Incomplete,Incomplete,In Progress,,
SPN658,Pending,Pending,Pending,Pending,Pending,Not Booked,Incomplete,Incomplete,Incomplete,Incomplete,Incomplete,In Progress,,
SPN659,Pending,Pending,Pending,Pending,Pending,Not Booked,Incomplete,Incomplete,Incomplete,Incomplete,Incomplete,In Progress,,
ZAP568,Pending,Pending,Pending,Pending,Pending,Not Booked,Incomplete,Incomplete,Incomplete,Incomplete,Incomplete,In Progress,,
ZAP569,Pending,Pending,Pending,Pending,Pending,Not Booked,Incomplete,Incomplete,Incomplete,Incomplete,Incomplete,In Progress,,
ZAP570,Pending,Pending,Pending,Pending,Pending,Not Booked,Incomplete,Incomplete,Incomplete,Incomplete,Incomplete,In Progress,,
ZAP571,Pending,Pending,Pending,Pending,Pending,Not Booked,Incomplete,Incomplete,Incomplete,Incomplete,Incomplete,In Progress,,
ZAP572,Pending,Pending,Pending,Pending,Pending,Not Booked,Incomplete,Incomplete,Incomplete,Incomplete,Incomplete,In Progress,,
ZAP573,Pending,Pending,Pending,Pending,Pending,Not Booked,Incomplete,Incomplete,Incomplete,Incomplete,Incomplete,In Progress,,
ZAP574,Pending,Pending,Pending,Pending,Pending,Not Booked,Incomplete,Incomplete,Incomplete,Incomplete,Incomplete,In Progress,,
ZAP575,Pending,Pending,Pending,Pending,Pending,Not Booked,Incomplete,Incomplete,Incomplete,Incomplete,Incomplete,In Progress,,
ZAP576,Pending,Pending,Pending,Pending,Pending,Not Booked,Incomplete,Incomplete,Incomplete,Incomplete,Incomplete,In Progress,,
ZAP577,Pending,Pending,Pending,Pending,Pending,Not Booked,Incomplete,Incomplete,Incomplete,Incomplete,Incomplete,In Progress,,
ZAP578,Pending,Pending,Pending,Pending,Pending,Not Booked,Incomplete,Incomplete,Incomplete,Incomplete,Incomplete,In Progress,,
ZAP579,Pending,Pending,Pending,Pending,Pending,Not Booked,Incomplete,Incomplete,Incomplete,Incomplete,Incomplete,In Progress,,
ZAP580,Pending,Pending,Pending,Pending,Pending,Not Booked,Incomplete,Incomplete,Incomplete,Incomplete,Incomplete,In Progress,,
ZAP581,Pending,Pending,Pending,Pending,Pending,Not Booked,Incomplete,Incomplete,Incomplete,Incomplete,Incomplete,In Progress,,
ZAP582,Pending,Pending,Pending,Pending,Pending,Not Booked,Incomplete,Incomplete,Incomplete,Incomplete,Incomplete,In Progress,,
ZAP583,Pending,Pending,Pending,Pending,Pending,Not Booked,Incomplete,Incomplete,Incomplete,Incomplete,Incomplete,In Progress,,
ZAP584,Pending,Pending,Pending,Pending,Pending,Not Booked,Incomplete,Incomplete,Incomplete,Incomplete,Incomplete,In Progress,,
ZAP585,Pending,Pending,Pending,Pending,Pending,Not Booked,Incomplete,Incomplete,Incomplete,Incomplete,Incomplete,In Progress,,
ZAP586,Pending,Pending,Pending,Pending,Pending,Not Booked,Incomplete,Incomplete,Incomplete,Incomplete,Incomplete,In Progress,,
ZAP587,Pending,Pending,Pending,Pending,Pending,Not Booked,Incomplete,Incomplete,Incomplete,Incomplete,Incomplete,In Progress,,
ZAP588,Pending,Pending,Pending,Pending,Pending,Not Booked,Incomplete,Incomplete,Incomplete,Incomplete,Incomplete,In Progress,,
ZAP589,Pending,Pending,Pending,Pending,Pending,Not Booked,Incomplete,Incomplete,Incomplete,Incomplete,Incomplete,In Progress,,
ZAP590,Pending,Pending,Pending,Pending,Pending,Not Booked,Incomplete,Incomplete,Incomplete,Incomplete,Incomplete,In Progress,,
ZAP591,Pending,Pending,Pending,Pending,Pending,Not Booked,Incomplete,Incomplete,Incomplete,Incomplete,Incomplete,In Progress,,
ZAP592,Pending,Pending,Pending,Pending,Pending,Not Booked,Incomplete,Incomplete,Incomplete,Incomplete,Incomplete,In Progress,,
ZAP593,Pending,Pending,Pending,Pending,Pending,Not Booked,Incomplete,Incomplete,Incomplete,Incomplete,Incomplete,In Progress,,
ZAP594,Pending,Pending,Pending,Pending,Pending,Not Booked,Incomplete,Incomplete,Incomplete,Incomplete,Incomplete,In Progress,,
ZAP595,Pending,Pending,Pending,Pending,Pending,Not Booked,Incomplete,Incomplete,Incomplete,Incomplete,Incomplete,In Progress,,
ZAP596,Pending,Pending,Pending,Pending,Pending,Not Booked,Incomplete,Incomplete,Incomplete,Incomplete,Incomplete,In Progress,,
ZAP597,Pending,Pending,Pending,Pending,Pending,Not Booked,Incomplete,Incomplete,Incomplete,Incomplete,Incomplete,In Progress,,
ZAP598,Pending,Pending,Pending,Pending,Pending,Not Booked,Incomplete,Incomplete,Incomplete,Incomplete,Incomplete,In Progress,,
ZAP599,Pending,Pending,Pending,Pending,Pending,Not Booked,Incomplete,Incomplete,Incomplete,Incomplete,Incomplete,In Progress,,
ZAP600,Pending,Pending,Pending,Pending,Pending,Not Booked,Incomplete,Incomplete,Incomplete,Incomplete,Incomplete,In Progress,,
ZAP601,Pending,Pending,Pending,Pending,Pending,Not Booked,Incomplete,Incomplete,Incomplete,Incomplete,Incomplete,In Progress,,
ZAP602,Pending,Pending,Pending,Pending,Pending,Not Booked,Incomplete,Incomplete,Incomplete,Incomplete,Incomplete,In Progress,,
ZAP603,Pending,Pending,Pending,Pending,Pending,Not Booked,Incomplete,Incomplete,Incomplete,Incomplete,Incomplete,In Progress,,
ZAP604,Pending,Pending,Pending,Pending,Pending,Not Booked,Incomplete,Incomplete,Incomplete,Incomplete,Incomplete,In Progress,,
ZAP605,Pending,Pending,Pending,Pending,Pending,Not Booked,Incomplete,Incomplete,Incomplete,Incomplete,Incomplete,In Progress,,
ZAP606,Pending,Pending,Pending,Pending,Pending,Not Booked,Incomplete,Incomplete,Incomplete,Incomplete,Incomplete,In Progress,,
ZAP607,Pending,Pending,Pending,Pending,Pending,Not Booked,Incomplete,Incomplete,Incomplete,Incomplete,Incomplete,In Progress,,
ZAP608,Pending,Pending,Pending,Pending,Pending,Not Booked,Incomplete,Incomplete,Incomplete,Incomplete,Incomplete,In Progress,,
ZAP609,Pending,Pending,Pending,Pending,Pending,Not Booked,Incomplete,Incomplete,Incomplete,Incomplete,Incomplete,In Progress,,
ZAP610,Pending,Pending,Pending,Pending,Pending,Not Booked,Incomplete,Incomplete,Incomplete,Incomplete,Incomplete,In Progress,,
ZAP611,Pending,Pending,Pending,Pending,Pending,Not Booked,Incomplete,Incomplete,Incomplete,Incomplete,Incomplete,In Progress,,
ZAP612,Pending,Pending,Pending,Pending,Pending,Not Booked,Incomplete,Incomplete,Incomplete,Incomplete,Incomplete,In Progress,,
ZAP613,Pending,Pending,Pending,Pending,Pending,Not Booked,Incomplete,Incomplete,Incomplete,Incomplete,Incomplete,In Progress,,
ZAP614,Pending,Pending,Pending,Pending,Pending,Not Booked,Incomplete,Incomplete,Incomplete,Incomplete,Incomplete,In Progress,,
ZAP615,Pending,Pending,Pending,Pending,Pending,Not Booked,Incomplete,Incomplete,Incomplete,Incomplete,Incomplete,In Progress,,
ZAP616,Pending,Pending,Pending,Pending,Pending,Not Booked,Incomplete,Incomplete,Incomplete,Incomplete,Incomplete,In Progress,,
ZAP617,Pending,Pending,Pending,Pending,Pending,Not Booked,Incomplete,Incomplete,Incomplete,Incomplete,Incomplete,In Progress,,
ZAP618,Pending,Pending,Pending,Pending,Pending,Not Booked,Incomplete,Incomplete,Incomplete,Incomplete,Incomplete,In Progress,,
ZAP619,Pending,Pending,Pending,Pending,Pending,Not Booked,Incomplete,Incomplete,Incomplete,Incomplete,Incomplete,In Progress,,
ZAP620,Pending,Pending,Pending,Pending,Pending,Not Booked,Incomplete,Incomplete,Incomplete,Incomplete,Incomplete,In Progress,,
ZAP621,Pending,Pending,Pending,Pending,Pending,Not Booked,Incomplete,Incomplete,Incomplete,Incomplete,Incomplete,In Progress,,
ZAP622,Pending,Pending,Pending,Pending,Pending,Not Booked,Incomplete,Incomplete,Incomplete,Incomplete,Incomplete,In Progress,,
ZAP623,Pending,Pending,Pending,Pending,Pending,Not Booked,Incomplete,Incomplete,Incomplete,Incomplete,Incomplete,In Progress,,
ZAP624,Pending,Pending,Pending,Pending,Pending,Not Booked,Incomplete,Incomplete,Incomplete,Incomplete,Incomplete,In Progress,,
ZAP625,Pending,Pending,Pending,Pending,Pending,Not Booked,Incomplete,Incomplete,Incomplete,Incomplete,Incomplete,In Progress,,
ZAP626,Pending,Pending,Pending,Pending,Pending,Not Booked,Incomplete,Incomplete,Incomplete,Incomplete,Incomplete,In Progress,,
ZAP627,Pending,Pending,Pending,Pending,Pending,Not Booked,Incomplete,Incomplete,Incomplete,Incomplete,Incomplete,In Progress,,
ZAP628,Pending,Pending,Pending,Pending,Pending,Not Booked,Incomplete,Incomplete,Incomplete,Incomplete,Incomplete,In Progress,,
ZAP629,Pending,Pending,Pending,Pending,Pending,Not Booked,Incomplete,Incomplete,Incomplete,Incomplete,Incomplete,In Progress,,
ZAP630,Pending,Pending,Pending,Pending,Pending,Not Booked,Incomplete,Incomplete,Incomplete,Incomplete,Incomplete,In Progress,,
ZAP631,Pending,Pending,Pending,Pending,Pending,Not Booked,Incomplete,Incomplete,Incomplete,Incomplete,Incomplete,In Progress,,
ZAP632,Pending,Pending,Pending,Pending,Pending,Not Booked,Incomplete,Incomplete,Incomplete,Incomplete,Incomplete,In Progress,,
ZAP633,Pending,Pending,Pending,Pending,Pending,Not Booked,Incomplete,Incomplete,Incomplete,Incomplete,Incomplete,In Progress,,
ZAP634,Pending,Pending,Pending,Pending,Pending,Not Booked,Incomplete,Incomplete,Incomplete,Incomplete,Incomplete,In Progress,,
ZAP635,Pending,Pending,Pending,Pending,Pending,Not Booked,Incomplete,Incomplete,Incomplete,Incomplete,Incomplete,In Progress,,
ZAP636,Pending,Pending,Pending,Pending,Pending,Not Booked,Incomplete,Incomplete,Incomplete,Incomplete,Incomplete,In Progress,,
ZAP637,Pending,Pending,Pending,Pending,Pending,Not Booked,Incomplete,Incomplete,Incomplete,Incomplete,Incomplete,In Progress,,
ZAP638,Pending,Pending,Pending,Pending,Pending,Not Booked,Incomplete,Incomplete,Incomplete,Incomplete,Incomplete,In Progress,,
ZAP639,Pending,Pending,Pending,Pending,Pending,Not Booked,Incomplete,Incomplete,Incomplete,Incomplete,Incomplete,In Progress,,
ZAP640,Pending,Pending,Pending,Pending,Pending,Not Booked,Incomplete,Incomplete,Incomplete,Incomplete,Incomplete,In Progress,,
ZAP641,Pending,Pending,Pending,Pending,Pending,Not Booked,Incomplete,Incomplete,Incomplete,Incomplete,Incomplete,In Progress,,
ZAP642,Pending,Pending,Pending,Pending,Pending,Not Booked,Incomplete,Incomplete,Incomplete,Incomplete,Incomplete,In Progress,,
ZAP643,Pending,Pending,Pending,Pending,Pending,Not Booked,Incomplete,Incomplete,Incomplete,Incomplete,Incomplete,In Progress,,
ZAP644,Pending,Pending,Pending,Pending,Pending,Not Booked,Incomplete,Incomplete,Incomplete,Incomplete,Incomplete,In Progress,,
ZAP645,Pending,Pending,Pending,Pending,Pending,Not Booked,Incomplete,Incomplete,Incomplete,Incomplete,Incomplete,In Progress,,
ZAP646,Pending,Pending,Pending,Pending,Pending,Not Booked,Incomplete,Incomplete,Incomplete,Incomplete,Incomplete,In Progress,,
ZAP647,Pending,Pending,Pending,Pending,Pending,Not Booked,Incomplete,Incomplete,Incomplete,Incomplete,Incomplete,In Progress,,
ZAP648,Pending,Pending,Pending,Pending,Pending,Not Booked,Incomplete,Incomplete,Incomplete,Incomplete,Incomplete,In Progress,,
ZAP649,Pending,Pending,Pending,Pending,Pending,Not Booked,Incomplete,Incomplete,Incomplete,Incomplete,Incomplete,In Progress,,
ZAP650,Pending,Pending,Pending,Pending,Pending,Not Booked,Incomplete,Incomplete,Incomplete,Incomplete,Incomplete,In Progress,,
ZAP651,Pending,Pending,Pending,Pending,Pending,Not Booked,Incomplete,Incomplete,Incomplete,Incomplete,Incomplete,In Progress,,
ZAP652,Pending,Pending,Pending,Pending,Pending,Not Booked,Incomplete,Incomplete,Incomplete,Incomplete,Incomplete,In Progress,,
ZAP653,Pending,Pending,Pending,Pending,Pending,Not Booked,Incomplete,Incomplete,Incomplete,Incomplete,Incomplete,In Progress,,
ZAP654,Pending,Pending,Pending,Pending,Pending,Not Booked,Incomplete,Incomplete,Incomplete,Incomplete,Incomplete,In Progress,,
ZAP655,Pending,Pending,Pending,Pending,Pending,Not Booked,Incomplete,Incomplete,Incomplete,Incomplete,Incomplete,In Progress,,
ZAP656,Pending,Pending,Pending,Pending,Pending,Not Booked,Incomplete,Incomplete,Incomplete,Incomplete,Incomplete,In Progress,,
ZAP657,Pending,Pending,Pending,Pending,Pending,Not Booked,Incomplete,Incomplete,Incomplete,Incomplete,Incomplete,In Progress,,
ZAP658,Pending,Pending,Pending,Pending,Pending,Not Booked,Incomplete,Incomplete,Incomplete,Incomplete,Incomplete,In Progress,,
ZAP659,Pending,Pending,Pending,Pending,Pending,Not Booked,Incomplete,Incomplete,Incomplete,Incomplete,Incomplete,In Progress,,
ZAP660,Pending,Pending,Pending,Pending,Pending,Not Booked,Incomplete,Incomplete,Incomplete,Incomplete,Incomplete,In Progress,,
ZAP661,Pending,Pending,Pending,Pending,Pending,Not Booked,Incomplete,Incomplete,Incomplete,Incomplete,Incomplete,In Progress,,
ZAP662,Pending,Pending,Pending,Pending,Pending,Not Booked,Incomplete,Incomplete,Incomplete,Incomplete,Incomplete,In Progress,,
ZAP663,Pending,Pending,Pending,Pending,Pending,Not Booked,Incomplete,Incomplete,Incomplete,Incomplete,Incomplete,In Progress,,
ZAP664,Pending,Pending,Pending,Pending,Pending,Not Booked,Incomplete,Incomplete,Incomplete,Incomplete,Incomplete,In Progress,,
ZAP665,Pending,Pending,Pending,Pending,Pending,Not Booked,Incomplete,Incomplete,Incomplete,Incomplete,Incomplete,In Progress,,
ZAP666,Pending,Pending,Pending,Pending,Pending,Not Booked,Incomplete,Incomplete,Incomplete,Incomplete,Incomplete,In Progress,,
ZAP667,Pending,Pending,Pending,Pending,Pending,Not Booked,Incomplete,Incomplete,Incomplete,Incomplete,Incomplete,In Progress,,
ZAP668,Pending,Pending,Pending,Pending,Pending,Not Booked,Incomplete,Incomplete,Incomplete,Incomplete,Incomplete,In Progress,,
ZAP669,Pending,Pending,Pending,Pending,Pending,Not Booked,Incomplete,Incomplete,Incomplete,Incomplete,Incomplete,In Progress,,
ZAP670,Pending,Pending,Pending,Pending,Pending,Not Booked,Incomplete,Incomplete,Incomplete,Incomplete,Incomplete,In Progress,,
ZAP671,Pending,Pending,Pending,Pending,Pending,Not Booked,Incomplete,Incomplete,Incomplete,Incomplete,Incomplete,In Progress,,
ZAP672,Pending,Pending,Pending,Pending,Pending,Not Booked,Incomplete,Incomplete,Incomplete,Incomplete,Incomplete,In Progress,,
ZAP673,Pending,Pending,Pending,Pending,Pending,Not Booked,Incomplete,Incomplete,Incomplete,Incomplete,Incomplete,In Progress,,
ZAP674,Pending,Pending,Pending,Pending,Pending,Not Booked,Incomplete,Incomplete,Incomplete,Incomplete,Incomplete,In Progress,,
ZAP675,Pending,Pending,Pending,Pending,Pending,Not Booked,Incomplete,Incomplete,Incomplete,Incomplete,Incomplete,In Progress,,
ZAP676,Pending,Pending,Pending,Pending,Pending,Not Booked,Incomplete,Incomplete,Incomplete,Incomplete,Incomplete,In Progress,,
ZAP677,Pending,Pending,Pending,Pending,Pending,Not Booked,Incomplete,Incomplete,Incomplete,Incomplete,Incomplete,In Progress,,
ZAP678,Pending,Pending,Pending,Pending,Pending,Not Booked,Incomplete,Incomplete,Incomplete,Incomplete,Incomplete,In Progress,,
ZAP679,Pending,Pending,Pending,Pending,Pending,Not Booked,Incomplete,Incomplete,Incomplete,Incomplete,Incomplete,In Progress,,
ZAP680,Pending,Pending,Pending,Pending,Pending,Not Booked,Incomplete,Incomplete,Incomplete,Incomplete,Incomplete,In Progress,,
ZAP681,Pending,Pending,Pending,Pending,Pending,Not Booked,Incomplete,Incomplete,Incomplete,Incomplete,Incomplete,In Progress,,
ZAP682,Pending,Pending,Pending,Pending,Pending,Not Booked,Incomplete,Incomplete,Incomplete,Incomplete,Incomplete,In Progress,,
ZAP683,Pending,Pending,Pending,Pending,Pending,Not Booked,Incomplete,Incomplete,Incomplete,Incomplete,Incomplete,In Progress,,
ZAP684,Pending,Pending,Pending,Pending,Pending,Not Booked,Incomplete,Incomplete,Incomplete,Incomplete,Incomplete,In Progress,,
ZAP685,Pending,Pending,Pending,Pending,Pending,Not Booked,Incomplete,Incomplete,Incomplete,Incomplete,Incomplete,In Progress,,
ZAP686,Pending,Pending,Pending,Pending,Pending,Not Booked,Incomplete,Incomplete,Incomplete,Incomplete,Incomplete,In Progress,,
ZAP687,Pending,Pending,Pending,Pending,Pending,Not Booked,Incomplete,Incomplete,Incomplete,Incomplete,Incomplete,In Progress,,
ZAP688,Pending,Pending,Pending,Pending,Pending,Not Booked,Incomplete,Incomplete,Incomplete,Incomplete,Incomplete,In Progress,,
ZAP689,Pending,Pending,Pending,Pending,Pending,Not Booked,Incomplete,Incomplete,Incomplete,Incomplete,Incomplete,In Progress,,
ZAP690,Pending,Pending,Pending,Pending,Pending,Not Booked,Incomplete,Incomplete,Incomplete,Incomplete,Incomplete,In Progress,,
ZAP691,Pending,Pending,Pending,Pending,Pending,Not Booked,Incomplete,Incomplete,Incomplete,Incomplete,Incomplete,In Progress,,
ZAP692,Pending,Pending,Pending,Pending,Pending,Not Booked,Incomplete,Incomplete,Incomplete,Incomplete,Incomplete,In Progress,,
ZAP693,Pending,Pending,Pending,Pending,Pending,Not Booked,Incomplete,Incomplete,Incomplete,Incomplete,Incomplete,In Progress,,
ZAP694,Pending,Pending,Pending,Pending,Pending,Not Booked,Incomplete,Incomplete,Incomplete,Incomplete,Incomplete,In Progress,,
ZAP695,Pending,Pending,Pending,Pending,Pending,Not Booked,Incomplete,Incomplete,Incomplete,Incomplete,Incomplete,In Progress,,
ZAP696,Pending,Pending,Pending,Pending,Pending,Not Booked,Incomplete,Incomplete,Incomplete,Incomplete,Incomplete,In Progress,,
ZAP697,Pending,Pending,Pending,Pending,Pending,Not Booked,Incomplete,Incomplete,Incomplete,Incomplete,Incomplete,In Progress,,
ZAP698,Pending,Pending,Pending,Pending,Pending,Not Booked,Incomplete,Incomplete,Incomplete,Incomplete,Incomplete,In Progress,,
ZAP699,Pending,Pending,Pending,Pending,Pending,Not Booked,Incomplete,Incomplete,Incomplete,Incomplete,Incomplete,In Progress,,
ZAP700,Pending,Pending,Pending,Pending,Pending,Not Booked,Incomplete,Incomplete,Incomplete,Incomplete,Incomplete,In Progress,,
ZAP701,Pending,Pending,Pending,Pending,Pending,Not Booked,Incomplete,Incomplete,Incomplete,Incomplete,Incomplete,In Progress,,
ZAP702,Pending,Pending,Pending,Pending,Pending,Not Booked,Incomplete,Incomplete,Incomplete,Incomplete,Incomplete,In Progress,,
ZAP703,Pending,Pending,Pending,Pending,Pending,Not Booked,Incomplete,Incomplete,Incomplete,Incomplete,Incomplete,In Progress,,
ZAP704,Pending,Pending,Pending,Pending,Pending,Not Booked,Incomplete,Incomplete,Incomplete,Incomplete,Incomplete,In Progress,,
ZAP705,Pending,Pending,Pending,Pending,Pending,Not Booked,Incomplete,Incomplete,Incomplete,Incomplete,Incomplete,In Progress,,
ZAP706,Pending,Pending,Pending,Pending,Pending,Not Booked,Incomplete,Incomplete,Incomplete,Incomplete,Incomplete,In Progress,,
ZAP707,Pending,Pending,Pending,Pending,Pending,Not Booked,Incomplete,Incomplete,Incomplete,Incomplete,Incomplete,In Progress,,
ZAP708,Pending,Pending,Pending,Pending,Pending,Not Booked,Incomplete,Incomplete,Incomplete,Incomplete,Incomplete,In Progress,,
ZAP709,Pending,Pending,Pending,Pending,Pending,Not Booked,Incomplete,Incomplete,Incomplete,Incomplete,Incomplete,In Progress,,
ZAP710,Pending,Pending,Pending,Pending,Pending,Not Booked,Incomplete,Incomplete,Incomplete,Incomplete,Incomplete,In Progress,,
ZAP711,Pending,Pending,Pending,Pending,Pending,Not Booked,Incomplete,Incomplete,Incomplete,Incomplete,Incomplete,In Progress,,
ZAP712,Pending,Pending,Pending,Pending,Pending,Not Booked,Incomplete,Incomplete,Incomplete,Incomplete,Incomplete,In Progress,,
ZAP713,Pending,Pending,Pending,Pending,Pending,Not Booked,Incomplete,Incomplete,Incomplete,Incomplete,Incomplete,In Progress,,
ZAP714,Pending,Pending,Pending,Pending,Pending,Not Booked,Incomplete,Incomplete,Incomplete,Incomplete,Incomplete,In Progress,,
ZAP715,Pending,Pending,Pending,Pending,Pending,Not Booked,Incomplete,Incomplete,Incomplete,Incomplete,Incomplete,In Progress,,
ZAP716,Pending,Pending,Pending,Pending,Pending,Not Booked,Incomplete,Incomplete,Incomplete,Incomplete,Incomplete,In Progress,,
ZAP717,Pending,Pending,Pending,Pending,Pending,Not Booked,Incomplete,Incomplete,Incomplete,Incomplete,Incomplete,In Progress,,
ZAP718,Pending,Pending,Pending,Pending,Pending,Not Booked,Incomplete,Incomplete,Incomplete,Incomplete,Incomplete,In Progress,,
ZAP719,Pending,Pending,Pending,Pending,Pending,Not Booked,Incomplete,Incomplete,Incomplete,Incomplete,Incomplete,In Progress,,
ZAP720,Pending,Pending,Pending,Pending,Pending,Not Booked,Incomplete,Incomplete,Incomplete,Incomplete,Incomplete,In Progress,,
ZAP721,Pending,Pending,Pending,Pending,Pending,Not Booked,Incomplete,Incomplete,Incomplete,Incomplete,Incomplete,In Progress,,
ZAP722,Pending,Pending,Pending,Pending,Pending,Not Booked,Incomplete,Incomplete,Incomplete,Incomplete,Incomplete,In Progress,,
ZAP723,Pending,Pending,Pending,Pending,Pending,Not Booked,Incomplete,Incomplete,Incomplete,Incomplete,Incomplete,In Progress,,
ZAP724,Pending,Pending,Pending,Pending,Pending,Not Booked,Incomplete,Incomplete,Incomplete,Incomplete,Incomplete,In Progress,,
ZAP725,Pending,Pending,Pending,Pending,Pending,Not Booked,Incomplete,Incomplete,Incomplete,Incomplete,Incomplete,In Progress,,
ZAP726,Pending,Pending,Pending,Pending,Pending,Not Booked,Incomplete,Incomplete,Incomplete,Incomplete,Incomplete,In Progress,,
ZAP727,Pending,Pending,Pending,Pending,Pending,Not Booked,Incomplete,Incomplete,Incomplete,Incomplete,Incomplete,In Progress,,
ZAP728,Pending,Pending,Pending,Pending,Pending,Not Booked,Incomplete,Incomplete,Incomplete,Incomplete,Incomplete,In Progress,,
ZAP729,Pending,Pending,Pending,Pending,Pending,Not Booked,Incomplete,Incomplete,Incomplete,Incomplete,Incomplete,In Progress,,
ZAP730,Pending,Pending,Pending,Pending,Pending,Not Booked,Incomplete,Incomplete,Incomplete,Incomplete,Incomplete,In Progress,,
ZAP731,Pending,Pending,Pending,Pending,Pending,Not Booked,Incomplete,Incomplete,Incomplete,Incomplete,Incomplete,In Progress,,
ZAP732,Pending,Pending,Pending,Pending,Pending,Not Booked,Incomplete,Incomplete,Incomplete,Incomplete,Incomplete,In Progress,,
ZAP733,Pending,Pending,Pending,Pending,Pending,Not Booked,Incomplete,Incomplete,Incomplete,Incomplete,Incomplete,In Progress,,
ZAP734,Pending,Pending,Pending,Pending,Pending,Not Booked,Incomplete,Incomplete,Incomplete,Incomplete,Incomplete,In Progress,,
ZAP735,Pending,Pending,Pending,Pending,Pending,Not Booked,Incomplete,Incomplete,Incomplete,Incomplete,Incomplete,In Progress,,
ZAP736,Pending,Pending,Pending,Pending,Pending,Not Booked,Incomplete,Incomplete,Incomplete,Incomplete,Incomplete,In Progress,,
ZAP737,Pending,Pending,Pending,Pending,Pending,Not Booked,Incomplete,Incomplete,Incomplete,Incomplete,Incomplete,In Progress,,
ZAP738,Pending,Pending,Pending,Pending,Pending,Not Booked,Incomplete,Incomplete,Incomplete,Incomplete,Incomplete,In Progress,,
ZAP739,Pending,Pending,Pending,Pending,Pending,Not Booked,Incomplete,Incomplete,Incomplete,Incomplete,Incomplete,In Progress,,
ZAP740,Pending,Pending,Pending,Pending,Pending,Not Booked,Incomplete,Incomplete,Incomplete,Incomplete,Incomplete,In Progress,,
ZAP741,Pending,Pending,Pending,Pending,Pending,Not Booked,Incomplete,Incomplete,Incomplete,Incomplete,Incomplete,In Progress,,
ZAP742,Pending,Pending,Pending,Pending,Pending,Not Booked,Incomplete,Incomplete,Incomplete,Incomplete,Incomplete,In Progress,,
ZAP743,Pending,Pending,Pending,Pending,Pending,Not Booked,Incomplete,Incomplete,Incomplete,Incomplete,Incomplete,In Progress,,
ZAP744,Pending,Pending,Pending,Pending,Pending,Not Booked,Incomplete,Incomplete,Incomplete,Incomplete,Incomplete,In Progress,,
ZAP745,Pending,Pending,Pending,Pending,Pending,Not Booked,Incomplete,Incomplete,Incomplete,Incomplete,Incomplete,In Progress,,
ZAP746,Pending,Pending,Pending,Pending,Pending,Not Booked,Incomplete,Incomplete,Incomplete,Incomplete,Incomplete,In Progress,,
ZAP747,Pending,Pending,Pending,Pending,Pending,Not Booked,Incomplete,Incomplete,Incomplete,Incomplete,Incomplete,In Progress,,
ZAP748,Pending,Pending,Pending,Pending,Pending,Not Booked,Incomplete,Incomplete,Incomplete,Incomplete,Incomplete,In Progress,,
ZAP749,Pending,Pending,Pending,Pending,Pending,Not Booked,Incomplete,Incomplete,Incomplete,Incomplete,Incomplete,In Progress,,
ZAP750,Pending,Pending,Pending,Pending,Pending,Not Booked,Incomplete,Incomplete,Incomplete,Incomplete,Incomplete,In Progress,,
ZAP751,Pending,Pending,Pending,Pending,Pending,Not Booked,Incomplete,Incomplete,Incomplete,Incomplete,Incomplete,In Progress,,
ZAP752,Pending,Pending,Pending,Pending,Pending,Not Booked,Incomplete,Incomplete,Incomplete,Incomplete,Incomplete,In Progress,,
ZAP753,Pending,Pending,Pending,Pending,Pending,Not Booked,Incomplete,Incomplete,Incomplete,Incomplete,Incomplete,In Progress,,
ZAP754,Pending,Pending,Pending,Pending,Pending,Not Booked,Incomplete,Incomplete,Incomplete,Incomplete,Incomplete,In Progress,,
ZAP755,Pending,Pending,Pending,Pending,Pending,Not Booked,Incomplete,Incomplete,Incomplete,Incomplete,Incomplete,In Progress,,
ZAP756,Pending,Pending,Pending,Pending,Pending,Not Booked,Incomplete,Incomplete,Incomplete,Incomplete,Incomplete,In Progress,,
ZAP757,Pending,Pending,Pending,Pending,Pending,Not Booked,Incomplete,Incomplete,Incomplete,Incomplete,Incomplete,In Progress,,
ZAP758,Pending,Pending,Pending,Pending,Pending,Not Booked,Incomplete,Incomplete,Incomplete,Incomplete,Incomplete,In Progress,,
ZAP759,Pending,Pending,Pending,Pending,Pending,Not Booked,Incomplete,Incomplete,Incomplete,Incomplete,Incomplete,In Progress,,
ZAP760,Pending,Pending,Pending,Pending,Pending,Not Booked,Incomplete,Incomplete,Incomplete,Incomplete,Incomplete,In Progress,,
ZAP761,Pending,Pending,Pending,Pending,Pending,Not Booked,Incomplete,Incomplete,Incomplete,Incomplete,Incomplete,In Progress,,
ZAP762,Pending,Pending,Pending,Pending,Pending,Not Booked,Incomplete,Incomplete,Incomplete,Incomplete,Incomplete,In Progress,,
ZAP763,Pending,Pending,Pending,Pending,Pending,Not Booked,Incomplete,Incomplete,Incomplete,Incomplete,Incomplete,In Progress,,
ZAP764,Pending,Pending,Pending,Pending,Pending,Not Booked,Incomplete,Incomplete,Incomplete,Incomplete,Incomplete,In Progress,,
ZAP765,Pending,Pending,Pending,Pending,Pending,Not Booked,Incomplete,Incomplete,Incomplete,Incomplete,Incomplete,In Progress,,
ZAP766,Pending,Pending,Pending,Pending,Pending,Not Booked,Incomplete,Incomplete,Incomplete,Incomplete,Incomplete,In Progress,,
ZAP767,Pending,Pending,Pending,Pending,Pending,Not Booked,Incomplete,Incomplete,Incomplete,Incomplete,Incomplete,In Progress,,
ZAP768,Pending,Pending,Pending,Pending,Pending,Not Booked,Incomplete,Incomplete,Incomplete,Incomplete,Incomplete,In Progress,,
ZAP769,Pending,Pending,Pending,Pending,Pending,Not Booked,Incomplete,Incomplete,Incomplete,Incomplete,Incomplete,In Progress,,
ZAP770,Pending,Pending,Pending,Pending,Pending,Not Booked,Incomplete,Incomplete,Incomplete,Incomplete,Incomplete,In Progress,,
ZAP771,Pending,Pending,Pending,Pending,Pending,Not Booked,Incomplete,Incomplete,Incomplete,Incomplete,Incomplete,In Progress,,
ZAP772,Pending,Pending,Pending,Pending,Pending,Not Booked,Incomplete,Incomplete,Incomplete,Incomplete,Incomplete,In Progress,,
ZAP773,Pending,Pending,Pending,Pending,Pending,Not Booked,Incomplete,Incomplete,Incomplete,Incomplete,Incomplete,In Progress,,
ZAP774,Pending,Pending,Pending,Pending,Pending,Not Booked,Incomplete,Incomplete,Incomplete,Incomplete,Incomplete,In Progress,,
ZAP775,Pending,Pending,Pending,Pending,Pending,Not Booked,Incomplete,Incomplete,Incomplete,Incomplete,Incomplete,In Progress,,
ZAP776,Pending,Pending,Pending,Pending,Pending,Not Booked,Incomplete,Incomplete,Incomplete,Incomplete,Incomplete,In Progress,,
ZAP777,Pending,Pending,Pending,Pending,Pending,Not Booked,Incomplete,Incomplete,Incomplete,Incomplete,Incomplete,In Progress,,
ZAP778,Pending,Pending,Pending,Pending,Pending,Not Booked,Incomplete,Incomplete,Incomplete,Incomplete,Incomplete,In Progress,,
ZAP779,Pending,Pending,Pending,Pending,Pending,Not Booked,Incomplete,Incomplete,Incomplete,Incomplete,Incomplete,In Progress,,
ZAP780,Pending,Pending,Pending,Pending,Pending,Not Booked,Incomplete,Incomplete,Incomplete,Incomplete,Incomplete,In Progress,,
ZAP781,Pending,Pending,Pending,Pending,Pending,Not Booked,Incomplete,Incomplete,Incomplete,Incomplete,Incomplete,In Progress,,
ZAP782,Pending,Pending,Pending,Pending,Pending,Not Booked,Incomplete,Incomplete,Incomplete,Incomplete,Incomplete,In Progress,,
ZAP783,Pending,Pending,Pending,Pending,Pending,Not Booked,Incomplete,Incomplete,Incomplete,Incomplete,Incomplete,In Progress,,
ZAP784,Pending,Pending,Pending,Pending,Pending,Not Booked,Incomplete,Incomplete,Incomplete,Incomplete,Incomplete,In Progress,,
ZAP785,Pending,Pending,Pending,Pending,Pending,Not Booked,Incomplete,Incomplete,Incomplete,Incomplete,Incomplete,In Progress,,
ZAP786,Pending,Pending,Pending,Pending,Pending,Not Booked,Incomplete,Incomplete,Incomplete,Incomplete,Incomplete,In Progress,,
ZAP787,Pending,Pending,Pending,Pending,Pending,Not Booked,Incomplete,Incomplete,Incomplete,Incomplete,Incomplete,In Progress,,
ZAP788,Pending,Pending,Pending,Pending,Pending,Not Booked,Incomplete,Incomplete,Incomplete,Incomplete,Incomplete,In Progress,,
ZAP789,Pending,Pending,Pending,Pending,Pending,Not Booked,Incomplete,Incomplete,Incomplete,Incomplete,Incomplete,In Progress,,
ZAP790,Pending,Pending,Pending,Pending,Pending,Not Booked,Incomplete,Incomplete,Incomplete,Incomplete,Incomplete,In Progress,,
ZAP791,Pending,Pending,Pending,Pending,Pending,Not Booked,Incomplete,Incomplete,Incomplete,Incomplete,Incomplete,In Progress,,
ZAP792,Pending,Pending,Pending,Pending,Pending,Not Booked,Incomplete,Incomplete,Incomplete,Incomplete,Incomplete,In Progress,,
ZAP793,Pending,Pending,Pending,Pending,Pending,Not Booked,Incomplete,Incomplete,Incomplete,Incomplete,Incomplete,In Progress,,
ZAP794,Pending,Pending,Pending,Pending,Pending,Not Booked,Incomplete,Incomplete,Incomplete,Incomplete,Incomplete,In Progress,,
ZAP795,Pending,Pending,Pending,Pending,Pending,Not Booked,Incomplete,Incomplete,Incomplete,Incomplete,Incomplete,In Progress,,
ZAP796,Pending,Pending,Pending,Pending,Pending,Not Booked,Incomplete,Incomplete,Incomplete,Incomplete,Incomplete,In Progress,,
ZAP797,Pending,Pending,Pending,Pending,Pending,Not Booked,Incomplete,Incomplete,Incomplete,Incomplete,Incomplete,In Progress,,
ZAP798,Pending,Pending,Pending,Pending,Pending,Not Booked,Incomplete,Incomplete,Incomplete,Incomplete,Incomplete,In Progress,,
ZAP799,Pending,Pending,Pending,Pending,Pending,Not Booked,Incomplete,Incomplete,Incomplete,Incomplete,Incomplete,In Progress,,
ZAP800,Pending,Pending,Pending,Pending,Pending,Not Booked,Incomplete,Incomplete,Incomplete,Incomplete,Incomplete,In Progress,,
ZAP801,Pending,Pending,Pending,Pending,Pending,Not Booked,Incomplete,Incomplete,Incomplete,Incomplete,Incomplete,In Progress,,
ZAP802,Pending,Pending,Pending,Pending,Pending,Not Booked,Incomplete,Incomplete,Incomplete,Incomplete,Incomplete,In Progress,,
ZAP803,Pending,Pending,Pending,Pending,Pending,Not Booked,Incomplete,Incomplete,Incomplete,Incomplete,Incomplete,In Progress,,
ZAP804,Pending,Pending,Pending,Pending,Pending,Not Booked,Incomplete,Incomplete,Incomplete,Incomplete,Incomplete,In Progress,,
ZAP805,Pending,Pending,Pending,Pending,Pending,Not Booked,Incomplete,Incomplete,Incomplete,Incomplete,Incomplete,In Progress,,
ZAP806,Pending,Pending,Pending,Pending,Pending,Not Booked,Incomplete,Incomplete,Incomplete,Incomplete,Incomplete,In Progress,,
ZAP807,Pending,Pending,Pending,Pending,Pending,Not Booked,Incomplete,Incomplete,Incomplete,Incomplete,Incomplete,In Progress,,
ZAP808,Pending,Pending,Pending,Pending,Pending,Not Booked,Incomplete,Incomplete,Incomplete,Incomplete,Incomplete,In Progress,,
ZAP809,Pending,Pending,Pending,Pending,Pending,Not Booked,Incomplete,Incomplete,Incomplete,Incomplete,Incomplete,In Progress,,
ZAP810,Pending,Pending,Pending,Pending,Pending,Not Booked,Incomplete,Incomplete,Incomplete,Incomplete,Incomplete,In Progress,,
ZAP811,Pending,Pending,Pending,Pending,Pending,Not Booked,Incomplete,Incomplete,Incomplete,Incomplete,Incomplete,In Progress,,
ZAP812,Pending,Pending,Pending,Pending,Pending,Not Booked,Incomplete,Incomplete,Incomplete,Incomplete,Incomplete,In Progress,,
ZAP813,Pending,Pending,Pending,Pending,Pending,Not Booked,Incomplete,Incomplete,Incomplete,Incomplete,Incomplete,In Progress,,
ZAP814,Pending,Pending,Pending,Pending,Pending,Not Booked,Incomplete,Incomplete,Incomplete,Incomplete,Incomplete,In Progress,,
ZAP815,Pending,Pending,Pending,Pending,Pending,Not Booked,Incomplete,Incomplete,Incomplete,Incomplete,Incomplete,In Progress,,
ZAP816,Pending,Pending,Pending,Pending,Pending,Not Booked,Incomplete,Incomplete,Incomplete,Incomplete,Incomplete,In Progress,,
ZAP817,Pending,Pending,Pending,Pending,Pending,Not Booked,Incomplete,Incomplete,Incomplete,Incomplete,Incomplete,In Progress,,
ZAP818,Pending,Pending,Pending,Pending,Pending,Not Booked,Incomplete,Incomplete,Incomplete,Incomplete,Incomplete,In Progress,,
ZAP819,Pending,Pending,Pending,Pending,Pending,Not Booked,Incomplete,Incomplete,Incomplete,Incomplete,Incomplete,In Progress,,
ZAP820,Pending,Pending,Pending,Pending,Pending,Not Booked,Incomplete,Incomplete,Incomplete,Incomplete,Incomplete,In Progress,,
ZAP821,Pending,Pending,Pending,Pending,Pending,Not Booked,Incomplete,Incomplete,Incomplete,Incomplete,Incomplete,In Progress,,
ZAP822,Pending,Pending,Pending,Pending,Pending,Not Booked,Incomplete,Incomplete,Incomplete,Incomplete,Incomplete,In Progress,,
ZAP823,Pending,Pending,Pending,Pending,Pending,Not Booked,Incomplete,Incomplete,Incomplete,Incomplete,Incomplete,In Progress,,
ZAP824,Pending,Pending,Pending,Pending,Pending,Not Booked,Incomplete,Incomplete,Incomplete,Incomplete,Incomplete,In Progress,,
ZAP825,Pending,Pending,Pending,Pending,Pending,Not Booked,Incomplete,Incomplete,Incomplete,Incomplete,Incomplete,In Progress,,
ZAP826,Pending,Pending,Pending,Pending,Pending,Not Booked,Incomplete,Incomplete,Incomplete,Incomplete,Incomplete,In Progress,,
ZAP827,Pending,Pending,Pending,Pending,Pending,Not Booked,Incomplete,Incomplete,Incomplete,Incomplete,Incomplete,In Progress,,
ZAP828,Pending,Pending,Pending,Pending,Pending,Not Booked,Incomplete,Incomplete,Incomplete,Incomplete,Incomplete,In Progress,,
ZAP829,Pending,Pending,Pending,Pending,Pending,Not Booked,Incomplete,Incomplete,Incomplete,Incomplete,Incomplete,In Progress,,
ZAP830,Pending,Pending,Pending,Pending,Pending,Not Booked,Incomplete,Incomplete,Incomplete,Incomplete,Incomplete,In Progress,,
ZAP831,Pending,Pending,Pending,Pending,Pending,Not Booked,Incomplete,Incomplete,Incomplete,Incomplete,Incomplete,In Progress,,
ZAP832,Pending,Pending,Pending,Pending,Pending,Not Booked,Incomplete,Incomplete,Incomplete,Incomplete,Incomplete,In Progress,,
ZAP833,Pending,Pending,Pending,Pending,Pending,Not Booked,Incomplete,Incomplete,Incomplete,Incomplete,Incomplete,In Progress,,
ZAP834,Pending,Pending,Pending,Pending,Pending,Not Booked,Incomplete,Incomplete,Incomplete,Incomplete,Incomplete,In Progress,,
ZAP835,Pending,Pending,Pending,Pending,Pending,Not Booked,Incomplete,Incomplete,Incomplete,Incomplete,Incomplete,In Progress,,
ZAP836,Pending,Pending,Pending,Pending,Pending,Not Booked,Incomplete,Incomplete,Incomplete,Incomplete,Incomplete,In Progress,,
ZAP837,Pending,Pending,Pending,Pending,Pending,Not Booked,Incomplete,Incomplete,Incomplete,Incomplete,Incomplete,In Progress,,
ZAP838,Pending,Pending,Pending,Pending,Pending,Not Booked,Incomplete,Incomplete,Incomplete,Incomplete,Incomplete,In Progress,,
ZAP839,Pending,Pending,Pending,Pending,Pending,Not Booked,Incomplete,Incomplete,Incomplete,Incomplete,Incomplete,In Progress,,
ZAP840,Pending,Pending,Pending,Pending,Pending,Not Booked,Incomplete,Incomplete,Incomplete,Incomplete,Incomplete,In Progress,,
ZAP841,Pending,Pending,Pending,Pending,Pending,Not Booked,Incomplete,Incomplete,Incomplete,Incomplete,Incomplete,In Progress,,
ZAP842,Pending,Pending,Pending,Pending,Pending,Not Booked,Incomplete,Incomplete,Incomplete,Incomplete,Incomplete,In Progress,,
ZAP843,Pending,Pending,Pending,Pending,Pending,Not Booked,Incomplete,Incomplete,Incomplete,Incomplete,Incomplete,In Progress,,
ZAP844,Pending,Pending,Pending,Pending,Pending,Not Booked,Incomplete,Incomplete,Incomplete,Incomplete,Incomplete,In Progress,,
ZAP845,Pending,Pending,Pending,Pending,Pending,Not Booked,Incomplete,Incomplete,Incomplete,Incomplete,Incomplete,In Progress,,
ZAP846,Pending,Pending,Pending,Pending,Pending,Not Booked,Incomplete,Incomplete,Incomplete,Incomplete,Incomplete,In Progress,,
ZAP847,Pending,Pending,Pending,Pending,Pending,Not Booked,Incomplete,Incomplete,Incomplete,Incomplete,Incomplete,In Progress,,
ZAP848,Pending,Pending,Pending,Pending,Pending,Not Booked,Incomplete,Incomplete,Incomplete,Incomplete,Incomplete,In Progress,,
ZAP849,Pending,Pending,Pending,Pending,Pending,Not Booked,Incomplete,Incomplete,Incomplete,Incomplete,Incomplete,In Progress,,
ZAP850,Pending,Pending,Pending,Pending,Pending,Not Booked,Incomplete,Incomplete,Incomplete,Incomplete,Incomplete,In Progress,,
ZAP851,Pending,Pending,Pending,Pending,Pending,Not Booked,Incomplete,Incomplete,Incomplete,Incomplete,Incomplete,In Progress,,
ZAP852,Pending,Pending,Pending,Pending,Pending,Not Booked,Incomplete,Incomplete,Incomplete,Incomplete,Incomplete,In Progress,,
ZAP853,Pending,Pending,Pending,Pending,Pending,Not Booked,Incomplete,Incomplete,Incomplete,Incomplete,Incomplete,In Progress,,
ZAP854,Pending,Pending,Pending,Pending,Pending,Not Booked,Incomplete,Incomplete,Incomplete,Incomplete,Incomplete,In Progress,,
ZAP855,Pending,Pending,Pending,Pending,Pending,Not Booked,Incomplete,Incomplete,Incomplete,Incomplete,Incomplete,In Progress,,
ZAP856,Pending,Pending,Pending,Pending,Pending,Not Booked,Incomplete,Incomplete,Incomplete,Incomplete,Incomplete,In Progress,,
ZAP857,Pending,Pending,Pending,Pending,Pending,Not Booked,Incomplete,Incomplete,Incomplete,Incomplete,Incomplete,In Progress,,
ZAP858,Pending,Pending,Pending,Pending,Pending,Not Booked,Incomplete,Incomplete,Incomplete,Incomplete,Incomplete,In Progress,,
ZAP859,Pending,Pending,Pending,Pending,Pending,Not Booked,Incomplete,Incomplete,Incomplete,Incomplete,Incomplete,In Progress,,
ZAP860,Pending,Pending,Pending,Pending,Pending,Not Booked,Incomplete,Incomplete,Incomplete,Incomplete,Incomplete,In Progress,,
ZAP861,Pending,Pending,Pending,Pending,Pending,Not Booked,Incomplete,Incomplete,Incomplete,Incomplete,Incomplete,In Progress,,
ZAP862,Pending,Pending,Pending,Pending,Pending,Not Booked,Incomplete,Incomplete,Incomplete,Incomplete,Incomplete,In Progress,,
ZAP863,Pending,Pending,Pending,Pending,Pending,Not Booked,Incomplete,Incomplete,Incomplete,Incomplete,Incomplete,In Progress,,
ZAP864,Pending,Pending,Pending,Pending,Pending,Not Booked,Incomplete,Incomplete,Incomplete,Incomplete,Incomplete,In Progress,,
ZAP865,Pending,Pending,Pending,Pending,Pending,Not Booked,Incomplete,Incomplete,Incomplete,Incomplete,Incomplete,In Progress,,
ZAP866,Pending,Pending,Pending,Pending,Pending,Not Booked,Incomplete,Incomplete,Incomplete,Incomplete,Incomplete,In Progress,,
ZAP867,Pending,Pending,Pending,Pending,Pending,Not Booked,Incomplete,Incomplete,Incomplete,Incomplete,Incomplete,In Progress,,
ZAP868,Pending,Pending,Pending,Pending,Pending,Not Booked,Incomplete,Incomplete,Incomplete,Incomplete,Incomplete,In Progress,,
ZAP869,Pending,Pending,Pending,Pending,Pending,Not Booked,Incomplete,Incomplete,Incomplete,Incomplete,Incomplete,In Progress,,
ZAP870,Pending,Pending,Pending,Pending,Pending,Not Booked,Incomplete,Incomplete,Incomplete,Incomplete,Incomplete,In Progress,,
ZAP871,Pending,Pending,Pending,Pending,Pending,Not Booked,Incomplete,Incomplete,Incomplete,Incomplete,Incomplete,In Progress,,
ZAP872,Pending,Pending,Pending,Pending,Pending,Not Booked,Incomplete,Incomplete,Incomplete,Incomplete,Incomplete,In Progress,,
ZAP873,Pending,Pending,Pending,Pending,Pending,Not Booked,Incomplete,Incomplete,Incomplete,Incomplete,Incomplete,In Progress,,
ZAP874,Pending,Pending,Pending,Pending,Pending,Not Booked,Incomplete,Incomplete,Incomplete,Incomplete,Incomplete,In Progress,,
ZAP875,Pending,Pending,Pending,Pending,Pending,Not Booked,Incomplete,Incomplete,Incomplete,Incomplete,Incomplete,In Progress,,
ZAP876,Pending,Pending,Pending,Pending,Pending,Not Booked,Incomplete,Incomplete,Incomplete,Incomplete,Incomplete,In Progress,,
ZAP877,Pending,Pending,Pending,Pending,Pending,Not Booked,Incomplete,Incomplete,Incomplete,Incomplete,Incomplete,In Progress,,
ZAP878,Pending,Pending,Pending,Pending,Pending,Not Booked,Incomplete,Incomplete,Incomplete,Incomplete,Incomplete,In Progress,,
ZAP879,Pending,Pending,Pending,Pending,Pending,Not Booked,Incomplete,Incomplete,Incomplete,Incomplete,Incomplete,In Progress,,
ZAP880,Pending,Pending,Pending,Pending,Pending,Not Booked,Incomplete,Incomplete,Incomplete,Incomplete,Incomplete,In Progress,,
ZAP881,Pending,Pending,Pending,Pending,Pending,Not Booked,Incomplete,Incomplete,Incomplete,Incomplete,Incomplete,In Progress,,
ZAP882,Pending,Pending,Pending,Pending,Pending,Not Booked,Incomplete,Incomplete,Incomplete,Incomplete,Incomplete,In Progress,,
ZAP883,Pending,Pending,Pending,Pending,Pending,Not Booked,Incomplete,Incomplete,Incomplete,Incomplete,Incomplete,In Progress,,
ZAP884,Pending,Pending,Pending,Pending,Pending,Not Booked,Incomplete,Incomplete,Incomplete,Incomplete,Incomplete,In Progress,,
ZAP885,Pending,Pending,Pending,Pending,Pending,Not Booked,Incomplete,Incomplete,Incomplete,Incomplete,Incomplete,In Progress,,
ZAP886,Pending,Pending,Pending,Pending,Pending,Not Booked,Incomplete,Incomplete,Incomplete,Incomplete,Incomplete,In Progress,,
ZAP887,Pending,Pending,Pending,Pending,Pending,Not Booked,Incomplete,Incomplete,Incomplete,Incomplete,Incomplete,In Progress,,
ZAP888,Pending,Pending,Pending,Pending,Pending,Not Booked,Incomplete,Incomplete,Incomplete,Incomplete,Incomplete,In Progress,,
ZAP889,Pending,Pending,Pending,Pending,Pending,Not Booked,Incomplete,Incomplete,Incomplete,Incomplete,Incomplete,In Progress,,
ZAP890,Pending,Pending,Pending,Pending,Pending,Not Booked,Incomplete,Incomplete,Incomplete,Incomplete,Incomplete,In Progress,,
ZAP891,Pending,Pending,Pending,Pending,Pending,Not Booked,Incomplete,Incomplete,Incomplete,Incomplete,Incomplete,In Progress,,
ZAP892,Pending,Pending,Pending,Pending,Pending,Not Booked,Incomplete,Incomplete,Incomplete,Incomplete,Incomplete,In Progress,,
ZAP893,Pending,Pending,Pending,Pending,Pending,Not Booked,Incomplete,Incomplete,Incomplete,Incomplete,Incomplete,In Progress,,
ZAP894,Pending,Pending,Pending,Pending,Pending,Not Booked,Incomplete,Incomplete,Incomplete,Incomplete,Incomplete,In Progress,,
ZAP903,Pending,Pending,Pending,Pending,Pending,Not Booked,Incomplete,Incomplete,Incomplete,Incomplete,Incomplete,In Progress,,
ZAP904,Pending,Pending,Pending,Pending,Pending,Not Booked,Incomplete,Incomplete,Incomplete,Incomplete,Incomplete,In Progress,,
ZAP905,Pending,Pending,Pending,Pending,Pending,Not Booked,Incomplete,Incomplete,Incomplete,Incomplete,Incomplete,In Progress,,
ZAP906,Pending,Pending,Pending,Pending,Pending,Not Booked,Incomplete,Incomplete,Incomplete,Incomplete,Incomplete,In Progress,,
ZAP907,Pending,Pending,Pending,Pending,Pending,Not Booked,Incomplete,Incomplete,Incomplete,Incomplete,Incomplete,In Progress,,
ZAP908,Pending,Pending,Pending,Pending,Pending,Not Booked,Incomplete,Incomplete,Incomplete,Incomplete,Incomplete,In Progress,,
ZAP909,Pending,Pending,Pending,Pending,Pending,Not Booked,Incomplete,Incomplete,Incomplete,Incomplete,Incomplete,In Progress,,
ZAP910,Pending,Pending,Pending,Pending,Pending,Not Booked,Incomplete,Incomplete,Incomplete,Incomplete,Incomplete,In Progress,,
ZAP911,Pending,Pending,Pending,Pending,Pending,Not Booked,Incomplete,Incomplete,Incomplete,Incomplete,Incomplete,In Progress,,
ZAP912,Pending,Pending,Pending,Pending,Pending,Not Booked,Incomplete,Incomplete,Incomplete,Incomplete,Incomplete,In Progress,,
ZAP913,Pending,Pending,Pending,Pending,Pending,Not Booked,Incomplete,Incomplete,Incomplete,Incomplete,Incomplete,In Progress,,
ZAP914,Pending,Pending,Pending,Pending,Pending,Not Booked,Incomplete,Incomplete,Incomplete,Incomplete,Incomplete,In Progress,,
ZAP915,Pending,Pending,Pending,Pending,Pending,Not Booked,Incomplete,Incomplete,Incomplete,Incomplete,Incomplete,In Progress,,
ZAP916,Pending,Pending,Pending,Pending,Pending,Not Booked,Incomplete,Incomplete,Incomplete,Incomplete,Incomplete,In Progress,,
ZAP917,Pending,Pending,Pending,Pending,Pending,Not Booked,Incomplete,Incomplete,Incomplete,Incomplete,Incomplete,In Progress,,
ZAP918,Pending,Pending,Pending,Pending,Pending,Not Booked,Incomplete,Incomplete,Incomplete,Incomplete,Incomplete,In Progress,,
ZAP919,Pending,Pending,Pending,Pending,Pending,Not Booked,Incomplete,Incomplete,Incomplete,Incomplete,Incomplete,In Progress,,
ZAP920,Pending,Pending,Pending,Pending,Pending,Not Booked,Incomplete,Incomplete,Incomplete,Incomplete,Incomplete,In Progress,,
ZAP921,Pending,Pending,Pending,Pending,Pending,Not Booked,Incomplete,Incomplete,Incomplete,Incomplete,Incomplete,In Progress,,
ZAP922,Pending,Pending,Pending,Pending,Pending,Not Booked,Incomplete,Incomplete,Incomplete,Incomplete,Incomplete,In Progress,,
ZAP923,Pending,Pending,Pending,Pending,Pending,Not Booked,Incomplete,Incomplete,Incomplete,Incomplete,Incomplete,In Progress,,
ZAP924,Pending,Pending,Pending,Pending,Pending,Not Booked,Incomplete,Incomplete,Incomplete,Incomplete,Incomplete,In Progress,,
ZAP925,Pending,Pending,Pending,Pending,Pending,Not Booked,Incomplete,Incomplete,Incomplete,Incomplete,Incomplete,In Progress,,
ZAP926,Pending,Pending,Pending,Pending,Pending,Not Booked,Incomplete,Incomplete,Incomplete,Incomplete,Incomplete,In Progress,,
ZAP927,Pending,Pending,Pending,Pending,Pending,Not Booked,Incomplete,Incomplete,Incomplete,Incomplete,Incomplete,In Progress,,
ZAP928,Pending,Pending,Pending,Pending,Pending,Not Booked,Incomplete,Incomplete,Incomplete,Incomplete,Incomplete,In Progress,,
ZAP929,Pending,Pending,Pending,Pending,Pending,Not Booked,Incomplete,Incomplete,Incomplete,Incomplete,Incomplete,In Progress,,
ZAP930,Pending,Pending,Pending,Pending,Pending,Not Booked,Incomplete,Incomplete,Incomplete,Incomplete,Incomplete,In Progress,,
ZAP931,Pending,Pending,Pending,Pending,Pending,Not Booked,Incomplete,Incomplete,Incomplete,Incomplete,Incomplete,In Progress,,
ZAP932,Pending,Pending,Pending,Pending,Pending,Not Booked,Incomplete,Incomplete,Incomplete,Incomplete,Incomplete,In Progress,,
ZAP933,Pending,Pending,Pending,Pending,Pending,Not Booked,Incomplete,Incomplete,Incomplete,Incomplete,Incomplete,In Progress,,
ZAP934,Pending,Pending,Pending,Pending,Pending,Not Booked,Incomplete,Incomplete,Incomplete,Incomplete,Incomplete,In Progress,,
ZAP935,Pending,Pending,Pending,Pending,Pending,Not Booked,Incomplete,Incomplete,Incomplete,Incomplete,Incomplete,In Progress,,
